Postcode,Service,Vendor,1,2,3,4,5,6,7,8,9,10,11,12,13,14,15,16,17,18,19,20,21,22,23,24,25,26
BD,Next Day,Joda,46,78.0,99.0,122.0,140.0,162.0,182,193.0,204.0,210.0,210.0,210.0,210.0,250.0,250.0,250.0,250.0,250.0,250.0,250.0,250.0,250.0,250.0,250.0,250.0,250.0
,,McDowells,54.0,93.0,107.0,129.0,131.0,139.0,153.0,178.0,186.0,195.0,197.0,202.0,208.0,213.0,218.0,225.0,233.0,233.0,233.0,233.0,233.0,233.0,233.0,233.0,233.0,233.0
,Economy,Joda,39,70.0,84.0,102.0,123.0,146.0,182,193.0,204.0,210.0,210.0,210.0,210.0,250.0,250.0,250.0,250.0,250.0,250.0,250.0,250.0,250.0,250.0,250.0,250.0,250.0
,,McDowells,47.0,86.0,102.0,126.0,127.0,133.0,133.0,133.0,133.0,133.0,133.0,133.0,133.0,133.0,133.0,133.0,133.0,133.0,133.0,133.0,133.0,133.0,133.0,133.0,133.0,133.0
HD,Next Day,Joda,46,78.0,99.0,122.0,140.0,162.0,204,238.0,250.0,273.0,284.0,295.0,307.0,318.0,329.0,343.0,343.0,343.0,343.0,343.0,343.0,343.0,343.0,343.0,343.0,343.0
,,McDowells,54.0,93.0,107.0,129.0,131.0,139.0,153.0,178.0,186.0,195.0,197.0,202.0,208.0,213.0,218.0,225.0,233.0,233.0,233.0,233.0,233.0,233.0,233.0,233.0,233.0,233.0
,Economy,Joda,39,70.0,84.0,102.0,123.0,146.0,204,238.0,250.0,273.0,284.0,295.0,307.0,318.0,329.0,343.0,343.0,343.0,343.0,343.0,343.0,343.0,343.0,343.0,343.0,343.0
,,McDowells,47.0,86.0,102.0,126.0,127.0,133.0,133.0,133.0,133.0,133.0,133.0,133.0,133.0,133.0,133.0,133.0,133.0,133.0,133.0,133.0,133.0,133.0,133.0,133.0,133.0,133.0
HX,Next Day,Joda,46.0616,78.19760000000001,98.55040000000001,122.11680000000001,140.3272,161.75119999999998,204.38496000000004,238.44912,249.80384,272.51328,283.86800000000005,295.22272000000004,306.57744,317.93216,329.28688,342.78400000000005,342.78400000000005,342.78400000000005,342.78400000000005,342.78400000000005,342.78400000000005,342.78400000000005,342.78400000000005,342.78400000000005,342.78400000000005,342.78400000000005
,,McDowells,54.0,93.0,107.0,129.0,131.0,139.0,153.0,178.0,186.0,195.0,197.0,202.0,208.0,218.0,234.0,250.0,250.0,258.0,258.0,258.0,258.0,258.0,258.0,258.0,258.0,258.0
,Economy,Joda,38.5632,69.62800000000001,83.5536,101.764,123.18800000000002,145.6832,204.38496000000004,238.44912,249.80384,272.51328,283.86800000000005,295.22272000000004,306.57744,317.93216,329.28688,342.78400000000005,342.78400000000005,342.78400000000005,342.78400000000005,342.78400000000005,342.78400000000005,342.78400000000005,342.78400000000005,342.78400000000005,342.78400000000005,342.78400000000005
,,McDowells,47.0,86.0,102.0,126.0,127.0,133.0,133.0,133.0,133.0,133.0,133.0,133.0,133.0,133.0,133.0,133.0,133.0,133.0,133.0,133.0,133.0,133.0,133.0,133.0,133.0,133.0
LS,Next Day,Joda,46,78.0,99.0,122.0,140.0,162.0,204,238.0,250.0,273.0,284.0,295.0,307.0,318.0,329.0,361.0,361.0,361.0,361.0,361.0,361.0,361.0,361.0,361.0,361.0,361.0
,,McDowells,54.0,93.0,107.0,129.0,131.0,139.0,153.0,178.0,186.0,195.0,197.0,202.0,208.0,213.0,218.0,225.0,233.0,233.0,233.0,233.0,233.0,233.0,233.0,233.0,233.0,233.0
,Economy,Joda,39,70.0,84.0,102.0,123.0,146.0,204,238.0,250.0,273.0,284.0,295.0,307.0,318.0,329.0,361.0,361.0,361.0,361.0,361.0,361.0,361.0,361.0,361.0,361.0,361.0
,,McDowells,47.0,86.0,102.0,126.0,127.0,133.0,133.0,133.0,133.0,133.0,133.0,133.0,133.0,133.0,133.0,133.0,133.0,133.0,133.0,133.0,133.0,133.0,133.0,133.0,133.0,133.0
WF,Next Day,Joda,46,78.0,99.0,122.0,140.0,162.0,204,238.0,250.0,273.0,284.0,295.0,307.0,318.0,329.0,375.0,375.0,375.0,375.0,375.0,375.0,375.0,375.0,375.0,375.0,375.0
,,McDowells,54.0,93.0,107.0,129.0,131.0,139.0,153.0,178.0,186.0,195.0,197.0,202.0,208.0,213.0,218.0,225.0,233.0,233.0,233.0,233.0,233.0,233.0,233.0,233.0,233.0,233.0
,Economy,Joda,39,70.0,84.0,102.0,123.0,146.0,204,238.0,250.0,273.0,284.0,295.0,307.0,318.0,329.0,375.0,375.0,375.0,375.0,375.0,375.0,375.0,375.0,375.0,375.0,375.0
,,McDowells,47.0,86.0,102.0,126.0,127.0,133.0,133.0,133.0,133.0,133.0,133.0,133.0,133.0,133.0,133.0,133.0,133.0,133.0,133.0,133.0,133.0,133.0,133.0,133.0,133.0,133.0
BB,Next Day,Joda,60,105.0,152.0,199.0,222.0,264.0,257,273.0,295.0,341.0,352.0,363.0,375.0,400.0,400.0,400.0,400.0,400.0,400.0,400.0,400.0,400.0,400.0,400.0,400.0,400.0
,,McDowells,55.0,110.0,165.0,201.0,217.0,239.0,256.0,291.0,311.0,322.0,340.0,343.0,348.0,353.0,356.0,357.0,357.0,357.0,357.0,357.0,357.0,357.0,357.0,357.0,357.0,357.0
,Economy,Joda,52,92.0,136.0,177.0,196.0,236.0,257,273.0,295.0,341.0,352.0,363.0,375.0,400.0,400.0,400.0,400.0,400.0,400.0,400.0,400.0,400.0,400.0,400.0,400.0,400.0
,,McDowells,50.0,100.0,150.0,188.0,215.0,234.0,234.0,234.0,234.0,234.0,234.0,234.0,234.0,234.0,234.0,234.0,234.0,234.0,234.0,234.0,234.0,234.0,234.0,234.0,234.0,234.0
BL,Next Day,Joda,60,105.0,152.0,199.0,222.0,264.0,257,273.0,295.0,341.0,352.0,363.0,375.0,400.0,400.0,400.0,400.0,400.0,400.0,400.0,400.0,400.0,400.0,400.0,400.0,400.0
,,McDowells,55.0,110.0,165.0,201.0,217.0,239.0,256.0,291.0,311.0,322.0,340.0,343.0,348.0,353.0,356.0,357.0,357.0,357.0,357.0,357.0,357.0,357.0,357.0,357.0,357.0,357.0
,Economy,Joda,52,92.0,136.0,177.0,196.0,236.0,257,273.0,295.0,341.0,352.0,363.0,375.0,400.0,400.0,400.0,400.0,400.0,400.0,400.0,400.0,400.0,400.0,400.0,400.0,400.0
,,McDowells,50.0,100.0,150.0,188.0,215.0,234.0,234.0,234.0,234.0,234.0,234.0,234.0,234.0,234.0,234.0,234.0,234.0,234.0,234.0,234.0,234.0,234.0,234.0,234.0,234.0,234.0
HG,Next Day,Joda,62,117.0,174.0,230.0,252.0,296.0,295,295.0,307.0,318.0,329.0,341.0,352.0,363.0,375.0,397.0,397.0,397.0,397.0,397.0,397.0,397.0,397.0,397.0,397.0,397.0
,,McDowells,55.0,110.0,165.0,201.0,217.0,239.0,256.0,291.0,311.0,322.0,340.0,343.0,348.0,353.0,356.0,357.0,357.0,357.0,357.0,357.0,357.0,357.0,357.0,357.0,357.0,357.0
,Economy,Joda,57,108.0,159.0,208.0,225.0,271.0,295,295.0,307.0,318.0,329.0,341.0,352.0,363.0,375.0,397.0,397.0,397.0,397.0,397.0,397.0,397.0,397.0,397.0,397.0,397.0
,,McDowells,50.0,100.0,150.0,188.0,215.0,234.0,234.0,234.0,234.0,234.0,234.0,234.0,234.0,234.0,234.0,234.0,234.0,234.0,234.0,234.0,234.0,234.0,234.0,234.0,234.0,234.0
M,Next Day,Joda,60,105.0,152.0,199.0,222.0,258.0,257,273.0,295.0,341.0,352.0,363.0,397.0,400.0,400.0,400.0,400.0,400.0,400.0,400.0,400.0,400.0,400.0,400.0,400.0,400.0
,,McDowells,55.0,110.0,165.0,201.0,217.0,239.0,256.0,291.0,311.0,322.0,340.0,343.0,348.0,353.0,356.0,357.0,357.0,357.0,357.0,357.0,357.0,357.0,357.0,357.0,357.0,357.0
,Economy,Joda,52,92.0,136.0,177.0,196.0,236.0,257,273.0,295.0,341.0,352.0,363.0,397.0,400.0,400.0,400.0,400.0,400.0,400.0,400.0,400.0,400.0,400.0,400.0,400.0,400.0
,,McDowells,50.0,100.0,150.0,188.0,215.0,234.0,234.0,234.0,234.0,234.0,234.0,234.0,234.0,234.0,234.0,234.0,234.0,234.0,234.0,234.0,234.0,234.0,234.0,234.0,234.0,234.0
OL,Next Day,Joda,60,105.0,152.0,199.0,222.0,253.0,257,273.0,295.0,341.0,352.0,363.0,397.0,400.0,400.0,400.0,400.0,400.0,400.0,400.0,400.0,400.0,400.0,400.0,400.0,400.0
,,McDowells,55.0,110.0,165.0,201.0,217.0,239.0,256.0,291.0,311.0,322.0,340.0,343.0,348.0,353.0,356.0,357.0,357.0,357.0,357.0,357.0,357.0,357.0,357.0,357.0,357.0,357.0
,Economy,Joda,52,92.0,136.0,177.0,196.0,236.0,257,273.0,295.0,341.0,352.0,363.0,397.0,400.0,400.0,400.0,400.0,400.0,400.0,400.0,400.0,400.0,400.0,400.0,400.0,400.0
,,McDowells,50.0,100.0,150.0,188.0,215.0,234.0,234.0,234.0,234.0,234.0,234.0,234.0,234.0,234.0,234.0,234.0,234.0,234.0,234.0,234.0,234.0,234.0,234.0,234.0,234.0,234.0
S,Next Day,Joda,60,116.0,169.0,220.0,236.0,269.0,273,273.0,295.0,341.0,352.0,363.0,397.0,400.0,415.0,415.0,415.0,415.0,415.0,415.0,415.0,415.0,415.0,415.0,415.0,415.0
,,McDowells,55.0,110.0,165.0,201.0,217.0,239.0,256.0,291.0,311.0,322.0,340.0,343.0,348.0,353.0,356.0,357.0,357.0,357.0,357.0,357.0,357.0,357.0,357.0,357.0,357.0,357.0
,Economy,Joda,52,101.0,149.0,197.0,207.0,242.0,273,273.0,295.0,341.0,352.0,363.0,397.0,400.0,415.0,415.0,415.0,415.0,415.0,415.0,415.0,415.0,415.0,415.0,415.0,415.0
,,McDowells,50.0,100.0,150.0,188.0,215.0,234.0,234.0,234.0,234.0,234.0,234.0,234.0,234.0,234.0,234.0,234.0,234.0,234.0,234.0,234.0,234.0,234.0,234.0,234.0,234.0,234.0
SK,Next Day,Joda,60,106.0,154.0,205.0,225.0,251.0,250,273.0,295.0,341.0,352.0,363.0,397.0,409.0,420.0,439.0,439.0,439.0,439.0,439.0,439.0,439.0,439.0,439.0,439.0,439.0
,,McDowells,55.0,110.0,165.0,201.0,217.0,239.0,256.0,291.0,311.0,322.0,340.0,343.0,348.0,353.0,356.0,357.0,357.0,357.0,357.0,357.0,357.0,357.0,357.0,357.0,357.0,357.0
,Economy,Joda,52,96.0,140.0,184.0,205.0,242.0,250,273.0,295.0,341.0,352.0,363.0,397.0,409.0,420.0,439.0,439.0,439.0,439.0,439.0,439.0,439.0,439.0,439.0,439.0,439.0
,,McDowells,50.0,100.0,150.0,188.0,215.0,234.0,234.0,234.0,234.0,234.0,234.0,234.0,234.0,234.0,234.0,234.0,234.0,234.0,234.0,234.0,234.0,234.0,234.0,234.0,234.0,234.0
WN,Next Day,Joda,60,107.0,154.0,204.0,227.0,258.0,252,273.0,295.0,341.0,352.0,363.0,397.0,409.0,420.0,439.0,439.0,439.0,439.0,439.0,439.0,439.0,439.0,439.0,439.0,439.0
,,McDowells,55.0,110.0,165.0,201.0,217.0,239.0,256.0,291.0,311.0,322.0,340.0,343.0,348.0,353.0,356.0,357.0,357.0,357.0,357.0,357.0,357.0,357.0,357.0,357.0,357.0,357.0
,Economy,Joda,52,92.0,136.0,177.0,196.0,236.0,252,273.0,295.0,341.0,352.0,363.0,397.0,409.0,420.0,439.0,439.0,439.0,439.0,439.0,439.0,439.0,439.0,439.0,439.0,439.0
,,McDowells,50.0,100.0,150.0,188.0,215.0,234.0,234.0,234.0,234.0,234.0,234.0,234.0,234.0,234.0,234.0,234.0,234.0,234.0,234.0,234.0,234.0,234.0,234.0,234.0,234.0,234.0
B,Next Day,Joda,57,114.0,165.0,171.0,229.0,268.0,300,342.0,385.0,428.0,471.0,513.0,521.0,521.0,521.0,589.0,589.0,589.0,589.0,589.0,589.0,589.0,589.0,589.0,589.0,589.0
,,McDowells,58.0,116.0,174.0,221.0,253.0,284.0,306.0,354.0,381.0,406.0,415.0,420.0,426.0,431.0,436.0,441.0,446.0,452.0,457.0,467.0,476.0,476.0,476.0,476.0,476.0,476.0
,Economy,Joda,51,101.0,149.0,195.0,209.0,251.0,300,342.0,385.0,428.0,471.0,513.0,521.0,521.0,521.0,589.0,589.0,589.0,589.0,589.0,589.0,589.0,589.0,589.0,589.0,589.0
,,McDowells,50.0,100.0,150.0,188.0,215.0,234.0,234.0,234.0,234.0,234.0,234.0,234.0,234.0,234.0,234.0,234.0,234.0,234.0,234.0,234.0,234.0,234.0,234.0,234.0,234.0,234.0
CW,Next Day,Joda,60,116.0,169.0,222.0,228.0,270.0,311,355.0,400.0,402.0,402.0,402.0,402.0,402.0,402.0,511.0,511.0,511.0,511.0,511.0,511.0,511.0,511.0,511.0,511.0,511.0
,,McDowells,58.0,116.0,174.0,221.0,253.0,284.0,306.0,354.0,381.0,406.0,415.0,420.0,426.0,431.0,436.0,441.0,446.0,452.0,457.0,467.0,476.0,476.0,476.0,476.0,476.0,476.0
,Economy,Joda,52,101.0,151.0,197.0,211.0,246.0,311,355.0,400.0,402.0,402.0,402.0,402.0,402.0,402.0,511.0,511.0,511.0,511.0,511.0,511.0,511.0,511.0,511.0,511.0,511.0
,,McDowells,50.0,100.0,150.0,188.0,215.0,234.0,234.0,234.0,234.0,234.0,234.0,234.0,234.0,234.0,234.0,234.0,234.0,234.0,234.0,234.0,234.0,234.0,234.0,234.0,234.0,234.0
DE,Next Day,Joda,60,114.0,169.0,221.0,236.0,275.0,318,355.0,400.0,444.0,463.0,463.0,463.0,463.0,463.0,536.0,536.0,536.0,536.0,536.0,536.0,536.0,536.0,536.0,536.0,536.0
,,McDowells,57.0,114.0,171.0,208.0,230.0,269.0,283.0,319.0,332.0,368.0,379.0,389.0,400.0,410.0,426.0,436.0,441.0,446.0,446.0,446.0,446.0,446.0,446.0,446.0,446.0,446.0
,Economy,Joda,52,102.0,150.0,198.0,210.0,252.0,318,355.0,400.0,444.0,463.0,463.0,463.0,463.0,463.0,536.0,536.0,536.0,536.0,536.0,536.0,536.0,536.0,536.0,536.0,536.0
,,McDowells,50.0,100.0,150.0,188.0,215.0,234.0,234.0,234.0,234.0,234.0,234.0,234.0,234.0,234.0,234.0,234.0,234.0,234.0,234.0,234.0,234.0,234.0,234.0,234.0,234.0,234.0
DN 1-14,Next Day,Joda,60,115.0,170.0,223.0,230.0,271.0,284,318.0,341.0,375.0,386.0,397.0,409.0,420.0,431.0,439.0,439.0,439.0,439.0,439.0,439.0,439.0,439.0,439.0,439.0,439.0
,,McDowells,55.0,110.0,165.0,201.0,217.0,239.0,256.0,291.0,311.0,322.0,340.0,343.0,348.0,353.0,356.0,357.0,357.0,357.0,357.0,357.0,357.0,357.0,357.0,357.0,357.0,357.0
,Economy,Joda,52,103.0,152.0,197.0,209.0,244.0,284,318.0,341.0,375.0,386.0,397.0,409.0,420.0,431.0,439.0,439.0,439.0,439.0,439.0,439.0,439.0,439.0,439.0,439.0,439.0
,,McDowells,50.0,100.0,150.0,188.0,215.0,234.0,234.0,234.0,234.0,234.0,234.0,234.0,234.0,234.0,234.0,234.0,234.0,234.0,234.0,234.0,234.0,234.0,234.0,234.0,234.0,234.0
DN 15-25,Next Day,Joda,60,115.0,170.0,223.0,230.0,271.0,318,341.0,441.0,397.0,409.0,420.0,431.0,443.0,454.0,454.0,454.0,454.0,454.0,454.0,454.0,454.0,454.0,454.0,454.0,454.0
,,McDowells,55.0,110.0,165.0,201.0,217.0,239.0,256.0,291.0,311.0,322.0,340.0,343.0,348.0,353.0,356.0,357.0,357.0,357.0,357.0,357.0,357.0,357.0,357.0,357.0,357.0,357.0
,Economy,Joda,52,103.0,152.0,197.0,209.0,244.0,318,341.0,441.0,397.0,409.0,420.0,431.0,443.0,454.0,454.0,454.0,454.0,454.0,454.0,454.0,454.0,454.0,454.0,454.0,454.0
,,McDowells,50.0,100.0,150.0,188.0,215.0,234.0,234.0,234.0,234.0,234.0,234.0,234.0,234.0,234.0,234.0,234.0,234.0,234.0,234.0,234.0,234.0,234.0,234.0,234.0,234.0,234.0
DN 26-40,Next Day,Joda,60,115.0,170.0,223.0,230.0,271.0,341,397.0,470.0,511.0,511.0,511.0,511.0,511.0,511.0,511.0,511.0,511.0,511.0,511.0,511.0,511.0,511.0,511.0,511.0,511.0
,,McDowells,55.0,110.0,165.0,201.0,217.0,239.0,256.0,291.0,311.0,322.0,340.0,343.0,348.0,353.0,356.0,357.0,357.0,357.0,357.0,357.0,357.0,357.0,357.0,357.0,357.0,357.0
,Economy,Joda,52,103.0,152.0,197.0,209.0,244.0,341,397.0,470.0,511.0,511.0,511.0,511.0,511.0,511.0,511.0,511.0,511.0,511.0,511.0,511.0,511.0,511.0,511.0,511.0,511.0
,,McDowells,50.0,100.0,150.0,188.0,215.0,234.0,234.0,234.0,234.0,234.0,234.0,234.0,234.0,234.0,234.0,234.0,234.0,234.0,234.0,234.0,234.0,234.0,234.0,234.0,234.0,234.0
HU,Next Day,Joda,62,119.0,174.0,230.0,246.0,296.0,318,363.0,405.0,405.0,405.0,405.0,405.0,405.0,405.0,482.0,482.0,482.0,482.0,482.0,482.0,482.0,482.0,482.0,482.0,482.0
,,McDowells,58.0,116.0,174.0,221.0,253.0,284.0,306.0,354.0,381.0,406.0,415.0,420.0,426.0,431.0,436.0,441.0,446.0,452.0,457.0,467.0,476.0,476.0,476.0,476.0,476.0,476.0
,Economy,Joda,54,104.0,153.0,197.0,215.0,260.0,318,363.0,405.0,405.0,405.0,405.0,405.0,405.0,405.0,482.0,482.0,482.0,482.0,482.0,482.0,482.0,482.0,482.0,482.0,482.0
,,McDowells,50.0,100.0,150.0,188.0,215.0,234.0,234.0,234.0,234.0,234.0,234.0,234.0,234.0,234.0,234.0,234.0,234.0,234.0,234.0,234.0,234.0,234.0,234.0,234.0,234.0,234.0
LE,Next Day,Joda,59,111.0,164.0,215.0,227.0,266.0,318,355.0,400.0,444.0,488.0,533.0,568.0,568.0,568.0,600.0,600.0,600.0,600.0,600.0,600.0,600.0,600.0,600.0,600.0,600.0
,,McDowells,58.0,116.0,174.0,221.0,253.0,284.0,306.0,354.0,381.0,406.0,415.0,420.0,426.0,431.0,436.0,441.0,446.0,452.0,457.0,467.0,476.0,476.0,476.0,476.0,476.0,476.0
,Economy,Joda,50,99.0,147.0,193.0,202.0,239.0,318,355.0,400.0,444.0,488.0,533.0,568.0,568.0,568.0,600.0,600.0,600.0,600.0,600.0,600.0,600.0,600.0,600.0,600.0,600.0
,,McDowells,50.0,100.0,150.0,188.0,215.0,234.0,234.0,234.0,234.0,234.0,234.0,234.0,234.0,234.0,234.0,234.0,234.0,234.0,234.0,234.0,234.0,234.0,234.0,234.0,234.0,234.0
NG,Next Day,Joda,60,112.0,168.0,223.0,242.0,289.0,318,355.0,400.0,444.0,487.0,487.0,487.0,487.0,487.0,525.0,525.0,525.0,525.0,525.0,525.0,525.0,525.0,525.0,525.0,525.0
,,McDowells,57.0,114.0,171.0,208.0,230.0,269.0,283.0,319.0,332.0,368.0,379.0,389.0,400.0,410.0,426.0,436.0,441.0,446.0,446.0,446.0,446.0,446.0,446.0,446.0,446.0,446.0
,Economy,Joda,55,104.0,153.0,201.0,219.0,260.0,318,355.0,400.0,444.0,487.0,487.0,487.0,487.0,487.0,525.0,525.0,525.0,525.0,525.0,525.0,525.0,525.0,525.0,525.0,525.0
,,McDowells,50.0,100.0,150.0,188.0,215.0,234.0,234.0,234.0,234.0,234.0,234.0,234.0,234.0,234.0,234.0,234.0,234.0,234.0,234.0,234.0,234.0,234.0,234.0,234.0,234.0,234.0
PR,Next Day,Joda,60,105.0,152.0,199.0,222.0,264.0,250,278.0,290.0,290.0,290.0,290.0,290.0,290.0,290.0,397.0,397.0,397.0,397.0,397.0,397.0,397.0,397.0,397.0,397.0,397.0
,,McDowells,57.0,114.0,171.0,208.0,230.0,269.0,283.0,319.0,332.0,337.0,340.0,343.0,348.0,353.0,356.0,357.0,357.0,357.0,357.0,357.0,357.0,357.0,357.0,357.0,357.0,357.0
,Economy,Joda,52,92.0,136.0,177.0,196.0,236.0,250,278.0,290.0,290.0,290.0,290.0,290.0,290.0,290.0,397.0,397.0,397.0,397.0,397.0,397.0,397.0,397.0,397.0,397.0,397.0
,,McDowells,50.0,100.0,150.0,188.0,215.0,234.0,234.0,234.0,234.0,234.0,234.0,234.0,234.0,234.0,234.0,234.0,234.0,234.0,234.0,234.0,234.0,234.0,234.0,234.0,234.0,234.0
ST,Next Day,Joda,57,107.0,159.0,208.0,219.0,258.0,311,355.0,400.0,444.0,488.0,521.0,521.0,521.0,521.0,536.0,536.0,536.0,536.0,536.0,536.0,536.0,536.0,536.0,536.0,536.0
,,McDowells,58.0,116.0,174.0,221.0,253.0,284.0,306.0,354.0,381.0,406.0,415.0,420.0,426.0,431.0,436.0,441.0,446.0,452.0,457.0,467.0,476.0,476.0,476.0,476.0,476.0,476.0
,Economy,Joda,49,94.0,137.0,182.0,200.0,238.0,311,355.0,400.0,444.0,488.0,521.0,521.0,521.0,521.0,536.0,536.0,536.0,536.0,536.0,536.0,536.0,536.0,536.0,536.0,536.0
,,McDowells,50.0,100.0,150.0,188.0,215.0,234.0,234.0,234.0,234.0,234.0,234.0,234.0,234.0,234.0,234.0,234.0,234.0,234.0,234.0,234.0,234.0,234.0,234.0,234.0,234.0,234.0
WA,Next Day,Joda,59,107.0,154.0,205.0,228.0,257.0,284,318.0,341.0,375.0,386.0,397.0,409.0,420.0,431.0,450.0,450.0,450.0,450.0,450.0,450.0,450.0,450.0,450.0,450.0,450.0
,,McDowells,58.0,116.0,174.0,221.0,253.0,284.0,306.0,354.0,381.0,406.0,415.0,420.0,426.0,431.0,436.0,441.0,446.0,452.0,457.0,467.0,476.0,476.0,476.0,476.0,476.0,476.0
,Economy,Joda,52,94.0,138.0,182.0,202.0,240.0,284,318.0,341.0,375.0,386.0,397.0,409.0,420.0,431.0,450.0,450.0,450.0,450.0,450.0,450.0,450.0,450.0,450.0,450.0,450.0
,,McDowells,50.0,100.0,150.0,188.0,215.0,234.0,234.0,234.0,234.0,234.0,234.0,234.0,234.0,234.0,234.0,234.0,234.0,234.0,234.0,234.0,234.0,234.0,234.0,234.0,234.0,234.0
WS,Next Day,Joda,57,107.0,157.0,207.0,229.0,268.0,287,328.0,369.0,410.0,451.0,493.0,534.0,545.0,568.0,589.0,589.0,589.0,589.0,589.0,589.0,589.0,589.0,589.0,589.0,589.0
,,McDowells,58.0,116.0,174.0,221.0,253.0,284.0,306.0,354.0,381.0,406.0,415.0,420.0,426.0,431.0,436.0,441.0,446.0,452.0,457.0,467.0,476.0,476.0,476.0,476.0,476.0,476.0
,Economy,Joda,51,99.0,145.0,190.0,204.0,246.0,287,328.0,369.0,410.0,451.0,493.0,534.0,545.0,568.0,589.0,589.0,589.0,589.0,589.0,589.0,589.0,589.0,589.0,589.0,589.0
,,McDowells,50.0,100.0,150.0,188.0,215.0,234.0,234.0,234.0,234.0,234.0,234.0,234.0,234.0,234.0,234.0,234.0,234.0,234.0,234.0,234.0,234.0,234.0,234.0,234.0,234.0,234.0
WV,Next Day,Joda,57,107.0,157.0,206.0,225.0,268.0,300,342.0,385.0,428.0,471.0,513.0,521.0,546.0,584.0,589.0,589.0,589.0,589.0,589.0,589.0,589.0,589.0,589.0,589.0,589.0
,,McDowells,58.0,116.0,174.0,221.0,253.0,284.0,306.0,354.0,381.0,406.0,415.0,420.0,426.0,431.0,436.0,441.0,446.0,452.0,457.0,467.0,476.0,476.0,476.0,476.0,476.0,476.0
,Economy,Joda,51,99.0,142.0,189.0,202.0,246.0,300,342.0,385.0,428.0,471.0,513.0,521.0,546.0,584.0,589.0,589.0,589.0,589.0,589.0,589.0,589.0,589.0,589.0,589.0,589.0
,,McDowells,50.0,100.0,150.0,188.0,215.0,234.0,234.0,234.0,234.0,234.0,234.0,234.0,234.0,234.0,234.0,234.0,234.0,234.0,234.0,234.0,234.0,234.0,234.0,234.0,234.0,234.0
AL,Next Day,Joda,62,117.0,174.0,230.0,252.0,300.0,318,355.0,400.0,444.0,488.0,533.0,577.0,621.0,661.0,721.0,721.0,721.0,721.0,721.0,721.0,721.0,721.0,721.0,721.0,721.0
,,McDowells,58.0,116.0,174.0,221.0,253.0,284.0,306.0,354.0,381.0,406.0,415.0,426.0,436.0,446.0,457.0,498.0,509.0,519.0,529.0,545.0,566.0,566.0,566.0,566.0,566.0,566.0
,Economy,Joda,57,108.0,159.0,208.0,227.0,271.0,318,355.0,400.0,444.0,488.0,533.0,577.0,621.0,661.0,721.0,721.0,721.0,721.0,721.0,721.0,721.0,721.0,721.0,721.0,721.0
,,McDowells,52.0,104.0,156.0,202.0,225.0,262.0,262.0,262.0,262.0,262.0,262.0,262.0,262.0,262.0,262.0,262.0,262.0,262.0,262.0,262.0,262.0,262.0,262.0,262.0,262.0,262.0
CB,Next Day,Joda,66,127.0,189.0,244.0,268.0,317.0,318,355.0,400.0,444.0,488.0,533.0,577.0,621.0,626.0,681.0,681.0,681.0,681.0,681.0,681.0,681.0,681.0,681.0,681.0,681.0
,,McDowells,58.0,116.0,174.0,221.0,253.0,284.0,349.0,415.0,426.0,436.0,446.0,457.0,467.0,477.0,488.0,498.0,509.0,519.0,519.0,519.0,519.0,519.0,519.0,519.0,519.0,519.0
,Economy,Joda,55,104.0,153.0,201.0,219.0,260.0,318,355.0,400.0,444.0,488.0,533.0,577.0,621.0,626.0,681.0,681.0,681.0,681.0,681.0,681.0,681.0,681.0,681.0,681.0,681.0
,,McDowells,52.0,104.0,156.0,202.0,225.0,262.0,262.0,262.0,262.0,262.0,262.0,262.0,262.0,262.0,262.0,262.0,262.0,262.0,262.0,262.0,262.0,262.0,262.0,262.0,262.0,262.0
CH,Next Day,Joda,60,115.0,170.0,223.0,229.0,271.0,307,318.0,341.0,375.0,386.0,397.0,409.0,454.0,477.0,511.0,511.0,511.0,511.0,511.0,511.0,511.0,511.0,511.0,511.0,511.0
,,McDowells,58.0,116.0,174.0,221.0,253.0,284.0,306.0,354.0,381.0,406.0,415.0,420.0,426.0,431.0,436.0,441.0,446.0,452.0,457.0,467.0,476.0,476.0,476.0,476.0,476.0,476.0
,Economy,Joda,52,103.0,151.0,200.0,209.0,242.0,307,318.0,341.0,375.0,386.0,397.0,409.0,454.0,477.0,511.0,511.0,511.0,511.0,511.0,511.0,511.0,511.0,511.0,511.0,511.0
,,McDowells,50.0,100.0,150.0,188.0,215.0,234.0,234.0,234.0,234.0,234.0,234.0,234.0,234.0,234.0,234.0,234.0,234.0,234.0,234.0,234.0,234.0,234.0,234.0,234.0,234.0,234.0
CV,Next Day,Joda,61,112.0,169.0,222.0,242.0,289.0,318,355.0,400.0,444.0,488.0,533.0,568.0,568.0,568.0,625.0,625.0,625.0,625.0,625.0,625.0,625.0,625.0,625.0,625.0,625.0
,,McDowells,58.0,116.0,174.0,221.0,253.0,284.0,306.0,354.0,381.0,406.0,415.0,420.0,426.0,431.0,436.0,441.0,446.0,452.0,457.0,467.0,476.0,476.0,476.0,476.0,476.0,476.0
,Economy,Joda,55,104.0,153.0,201.0,219.0,260.0,318,355.0,400.0,444.0,488.0,533.0,568.0,568.0,568.0,625.0,625.0,625.0,625.0,625.0,625.0,625.0,625.0,625.0,625.0,625.0
,,McDowells,50.0,100.0,150.0,188.0,215.0,234.0,234.0,234.0,234.0,234.0,234.0,234.0,234.0,234.0,234.0,234.0,234.0,234.0,234.0,234.0,234.0,234.0,234.0,234.0,234.0,234.0
DH,Next Day,Joda,66,127.0,191.0,249.0,262.0,311.0,318,399.0,449.0,477.0,511.0,511.0,511.0,511.0,511.0,536.0,536.0,536.0,536.0,536.0,536.0,536.0,536.0,536.0,536.0,536.0
,,McDowells,58.0,116.0,174.0,221.0,253.0,284.0,306.0,354.0,381.0,406.0,415.0,420.0,426.0,431.0,436.0,441.0,446.0,452.0,457.0,467.0,476.0,476.0,476.0,476.0,476.0,476.0
,Economy,Joda,52,103.0,153.0,200.0,211.0,250.0,318,399.0,449.0,477.0,511.0,511.0,511.0,511.0,511.0,536.0,536.0,536.0,536.0,536.0,536.0,536.0,536.0,536.0,536.0,536.0
,,McDowells,50.0,100.0,150.0,188.0,215.0,234.0,234.0,234.0,234.0,234.0,234.0,234.0,234.0,234.0,234.0,234.0,234.0,234.0,234.0,234.0,234.0,234.0,234.0,234.0,234.0,234.0
DL,Next Day,Joda,66,129.0,192.0,249.0,264.0,310.0,318,399.0,449.0,498.0,511.0,511.0,511.0,511.0,511.0,567.0,567.0,567.0,567.0,567.0,567.0,567.0,567.0,567.0,567.0,567.0
,,McDowells,57.0,114.0,171.0,208.0,230.0,269.0,283.0,319.0,332.0,368.0,379.0,389.0,400.0,410.0,426.0,436.0,441.0,446.0,446.0,446.0,446.0,446.0,446.0,446.0,446.0,446.0
,Economy,Joda,52,102.0,151.0,199.0,211.0,250.0,318,399.0,449.0,498.0,511.0,511.0,511.0,511.0,511.0,567.0,567.0,567.0,567.0,567.0,567.0,567.0,567.0,567.0,567.0,567.0
,,McDowells,50.0,100.0,150.0,188.0,215.0,234.0,234.0,234.0,234.0,234.0,234.0,234.0,234.0,234.0,234.0,234.0,234.0,234.0,234.0,234.0,234.0,234.0,234.0,234.0,234.0,234.0
DY,Next Day,Joda,57,107.0,159.0,208.0,225.0,268.0,300,342.0,385.0,428.0,471.0,513.0,521.0,521.0,521.0,575.0,575.0,575.0,575.0,575.0,575.0,575.0,575.0,575.0,575.0,575.0
,,McDowells,58.0,116.0,174.0,221.0,253.0,284.0,306.0,354.0,381.0,406.0,415.0,420.0,426.0,431.0,436.0,441.0,446.0,452.0,457.0,467.0,476.0,476.0,476.0,476.0,476.0,476.0
,Economy,Joda,51,101.0,149.0,195.0,209.0,251.0,300,342.0,385.0,428.0,471.0,513.0,521.0,521.0,521.0,575.0,575.0,575.0,575.0,575.0,575.0,575.0,575.0,575.0,575.0,575.0
,,McDowells,50.0,100.0,150.0,188.0,215.0,234.0,234.0,234.0,234.0,234.0,234.0,234.0,234.0,234.0,234.0,234.0,234.0,234.0,234.0,234.0,234.0,234.0,234.0,234.0,234.0,234.0
GL,Next Day,Joda,60,112.0,168.0,223.0,242.0,289.0,386,464.0,618.0,618.0,618.0,618.0,618.0,670.0,670.0,670.0,670.0,670.0,670.0,670.0,670.0,670.0,670.0,670.0,670.0,670.0
,,McDowells,58.0,116.0,174.0,221.0,253.0,284.0,349.0,415.0,426.0,436.0,446.0,457.0,467.0,477.0,488.0,498.0,509.0,519.0,519.0,519.0,519.0,519.0,519.0,519.0,519.0,519.0
,Economy,Joda,55,104.0,153.0,201.0,219.0,260.0,386,464.0,618.0,618.0,618.0,618.0,618.0,670.0,670.0,670.0,670.0,670.0,670.0,670.0,670.0,670.0,670.0,670.0,670.0,670.0
,,McDowells,52.0,104.0,156.0,202.0,225.0,262.0,262.0,262.0,262.0,262.0,262.0,262.0,262.0,262.0,262.0,262.0,262.0,262.0,262.0,262.0,262.0,262.0,262.0,262.0,262.0,262.0
HP,Next Day,Joda,62,117.0,174.0,230.0,252.0,300.0,318,355.0,400.0,444.0,488.0,533.0,577.0,621.0,667.0,738.0,738.0,738.0,738.0,738.0,738.0,738.0,738.0,738.0,738.0,738.0
,,McDowells,58.0,116.0,174.0,221.0,253.0,284.0,306.0,354.0,381.0,406.0,415.0,426.0,436.0,446.0,457.0,498.0,509.0,519.0,529.0,545.0,566.0,566.0,566.0,566.0,566.0,566.0
,Economy,Joda,57,108.0,159.0,208.0,225.0,271.0,318,355.0,400.0,444.0,488.0,533.0,577.0,621.0,667.0,738.0,738.0,738.0,738.0,738.0,738.0,738.0,738.0,738.0,738.0,738.0
,,McDowells,52.0,104.0,156.0,202.0,225.0,262.0,262.0,262.0,262.0,262.0,262.0,262.0,262.0,262.0,262.0,262.0,262.0,262.0,262.0,262.0,262.0,262.0,262.0,262.0,262.0,262.0
HR,Next Day,Joda,62,117.0,174.0,230.0,252.0,300.0,318,363.0,409.0,454.0,498.0,544.0,589.0,635.0,680.0,738.0,738.0,738.0,738.0,738.0,738.0,738.0,738.0,738.0,738.0,738.0
,,McDowells,58.0,116.0,174.0,221.0,253.0,284.0,306.0,354.0,381.0,406.0,415.0,426.0,436.0,446.0,457.0,498.0,509.0,519.0,529.0,545.0,566.0,566.0,566.0,566.0,566.0,566.0
,Economy,Joda,57,108.0,159.0,208.0,225.0,271.0,318,363.0,409.0,454.0,498.0,544.0,589.0,635.0,680.0,738.0,738.0,738.0,738.0,738.0,738.0,738.0,738.0,738.0,738.0,738.0
,,McDowells,52.0,104.0,156.0,202.0,225.0,262.0,262.0,262.0,262.0,262.0,262.0,262.0,262.0,262.0,262.0,262.0,262.0,262.0,262.0,262.0,262.0,262.0,262.0,262.0,262.0,262.0
LL1-34,Next Day,Joda,84.6248,169.2496,249.58960000000002,323.50239999999997,345.99760000000003,402.7712,,,,,,,,,,,,,,,,,,,,
,,McDowells,58.0,116.0,174.0,221.0,253.0,284.0,349.0,415.0,426.0,436.0,446.0,457.0,467.0,477.0,488.0,498.0,509.0,519.0,519.0,519.0,519.0,519.0,519.0,519.0,519.0,519.0
,Economy,Joda,76.0552,148.8968,219.59600000000003,287.08160000000004,303.1496,360.99440000000004,,,,,,,,,,,,,,,,,,,,
,,McDowells,52.0,104.0,156.0,202.0,225.0,262.0,262.0,262.0,262.0,262.0,262.0,262.0,262.0,262.0,262.0,262.0,262.0,262.0,262.0,262.0,262.0,262.0,262.0,262.0,262.0,262.0
LL 35-78,Next Day,Joda,84.6248,169.2496,249.58960000000002,323.50239999999997,345.99760000000003,402.7712,,,,,,,,,,,,,,,,,,,,
,,McDowells,93.0,183.0,269.0,351.0,422.0,486.0,552.0,618.0,683.0,716.0,779.0,882.0,986.0,986.0,986.0,986.0,986.0,986.0,986.0,986.0,986.0,986.0,986.0,986.0,986.0,986.0
,Economy,Joda,76.0552,148.8968,219.59600000000003,287.08160000000004,303.1496,360.99440000000004,,,,,,,,,,,,,,,,,,,,
,,McDowells,77.0,154.0,231.0,297.0,372.0,429.0,429.0,429.0,429.0,429.0,429.0,429.0,429.0,429.0,429.0,429.0,429.0,429.0,429.0,429.0,429.0,429.0,429.0,429.0,429.0,429.0
LN,Next Day,Joda,62,117.0,174.0,230.0,252.0,300.0,386,415.0,425.0,447.0,515.0,550.0,550.0,550.0,550.0,550.0,550.0,550.0,550.0,550.0,550.0,550.0,550.0,550.0,550.0,550.0
,,McDowells,58.0,116.0,174.0,221.0,253.0,284.0,306.0,354.0,381.0,406.0,415.0,426.0,436.0,446.0,457.0,467.0,477.0,488.0,498.0,503.0,511.0,511.0,511.0,511.0,511.0,511.0
,Economy,Joda,57,108.0,159.0,208.0,225.0,271.0,386,415.0,425.0,447.0,515.0,550.0,550.0,550.0,550.0,550.0,550.0,550.0,550.0,550.0,550.0,550.0,550.0,550.0,550.0,550.0
,,McDowells,52.0,104.0,156.0,202.0,225.0,262.0,262.0,262.0,262.0,262.0,262.0,262.0,262.0,262.0,262.0,262.0,262.0,262.0,262.0,262.0,262.0,262.0,262.0,262.0,262.0,262.0
LU,Next Day,Joda,62,117.0,174.0,230.0,252.0,300.0,318,355.0,400.0,444.0,488.0,533.0,577.0,621.0,637.0,681.0,681.0,681.0,681.0,681.0,681.0,681.0,681.0,681.0,681.0,681.0
,,McDowells,58.0,116.0,174.0,221.0,253.0,284.0,349.0,415.0,426.0,436.0,446.0,457.0,467.0,477.0,488.0,498.0,509.0,519.0,519.0,519.0,519.0,519.0,519.0,519.0,519.0,519.0
,Economy,Joda,57,108.0,159.0,208.0,225.0,271.0,318,355.0,400.0,444.0,488.0,533.0,577.0,621.0,637.0,681.0,681.0,681.0,681.0,681.0,681.0,681.0,681.0,681.0,681.0,681.0
,,McDowells,52.0,104.0,156.0,202.0,225.0,262.0,262.0,262.0,262.0,262.0,262.0,262.0,262.0,262.0,262.0,262.0,262.0,262.0,262.0,262.0,262.0,262.0,262.0,262.0,262.0,262.0
MK,Next Day,Joda,60,112.0,168.0,223.0,242.0,289.0,318,355.0,400.0,444.0,488.0,533.0,577.0,579.0,579.0,600.0,600.0,600.0,600.0,600.0,600.0,600.0,600.0,600.0,600.0,600.0
,,McDowells,58.0,116.0,174.0,221.0,253.0,284.0,306.0,354.0,381.0,406.0,415.0,426.0,436.0,446.0,457.0,467.0,477.0,488.0,498.0,503.0,511.0,511.0,511.0,511.0,511.0,511.0
,Economy,Joda,55,104.0,153.0,201.0,219.0,260.0,318,355.0,400.0,444.0,488.0,533.0,577.0,579.0,579.0,600.0,600.0,600.0,600.0,600.0,600.0,600.0,600.0,600.0,600.0,600.0
,,McDowells,52.0,104.0,156.0,202.0,225.0,262.0,262.0,262.0,262.0,262.0,262.0,262.0,262.0,262.0,262.0,262.0,262.0,262.0,262.0,262.0,262.0,262.0,262.0,262.0,262.0,262.0
NE,Next Day,Joda,66,130.0,190.0,246.0,262.0,312.0,349,399.0,449.0,498.0,521.0,521.0,521.0,521.0,521.0,568.0,568.0,568.0,568.0,568.0,568.0,568.0,568.0,568.0,568.0,568.0
,,McDowells,58.0,116.0,174.0,221.0,253.0,284.0,306.0,354.0,381.0,406.0,415.0,420.0,426.0,431.0,436.0,441.0,446.0,452.0,457.0,467.0,476.0,476.0,476.0,476.0,476.0,476.0
,Economy,Joda,52,102.0,148.0,193.0,200.0,250.0,349,399.0,449.0,498.0,521.0,521.0,521.0,521.0,521.0,568.0,568.0,568.0,568.0,568.0,568.0,568.0,568.0,568.0,568.0,568.0
,,McDowells,50.0,100.0,150.0,188.0,215.0,234.0,234.0,234.0,234.0,234.0,234.0,234.0,234.0,234.0,234.0,234.0,234.0,234.0,234.0,234.0,234.0,234.0,234.0,234.0,234.0,234.0
NN,Next Day,Joda,60,112.0,168.0,223.0,242.0,289.0,318,355.0,400.0,444.0,488.0,533.0,556.0,556.0,556.0,600.0,600.0,600.0,600.0,600.0,600.0,600.0,600.0,600.0,600.0,600.0
,,McDowells,58.0,116.0,174.0,221.0,253.0,284.0,306.0,354.0,381.0,406.0,415.0,426.0,436.0,446.0,457.0,467.0,477.0,488.0,498.0,503.0,511.0,511.0,511.0,511.0,511.0,511.0
,Economy,Joda,55,104.0,153.0,201.0,219.0,260.0,318,355.0,400.0,444.0,488.0,533.0,556.0,556.0,556.0,600.0,600.0,600.0,600.0,600.0,600.0,600.0,600.0,600.0,600.0,600.0
,,McDowells,52.0,104.0,156.0,202.0,225.0,262.0,262.0,262.0,262.0,262.0,262.0,262.0,262.0,262.0,262.0,262.0,262.0,262.0,262.0,262.0,262.0,262.0,262.0,262.0,262.0,262.0
OX,Next Day,Joda,62,117.0,174.0,230.0,252.0,297.0,318,355.0,400.0,444.0,488.0,533.0,577.0,621.0,637.0,681.0,681.0,681.0,681.0,681.0,681.0,681.0,681.0,681.0,681.0,681.0
,,McDowells,58.0,116.0,174.0,221.0,253.0,284.0,306.0,354.0,381.0,406.0,415.0,426.0,436.0,446.0,457.0,498.0,509.0,519.0,529.0,545.0,566.0,566.0,566.0,566.0,566.0,566.0
,Economy,Joda,57,108.0,159.0,208.0,225.0,271.0,318,355.0,400.0,444.0,488.0,533.0,577.0,621.0,637.0,681.0,681.0,681.0,681.0,681.0,681.0,681.0,681.0,681.0,681.0,681.0
,,McDowells,52.0,104.0,156.0,202.0,225.0,262.0,262.0,262.0,262.0,262.0,262.0,262.0,262.0,262.0,262.0,262.0,262.0,262.0,262.0,262.0,262.0,262.0,262.0,262.0,262.0,262.0
SG,Next Day,Joda,62,117.0,174.0,230.0,252.0,300.0,311,355.0,400.0,444.0,488.0,533.0,577.0,621.0,667.0,715.0,715.0,715.0,715.0,715.0,715.0,715.0,715.0,715.0,715.0,715.0
,,McDowells,58.0,116.0,174.0,221.0,253.0,284.0,349.0,415.0,426.0,436.0,446.0,457.0,467.0,477.0,488.0,498.0,509.0,519.0,519.0,519.0,519.0,519.0,519.0,519.0,519.0,519.0
,Economy,Joda,57,108.0,159.0,208.0,225.0,271.0,311,355.0,400.0,444.0,488.0,533.0,577.0,621.0,667.0,715.0,715.0,715.0,715.0,715.0,715.0,715.0,715.0,715.0,715.0,715.0
,,McDowells,52.0,104.0,156.0,202.0,225.0,262.0,262.0,262.0,262.0,262.0,262.0,262.0,262.0,262.0,262.0,262.0,262.0,262.0,262.0,262.0,262.0,262.0,262.0,262.0,262.0,262.0
SN,Next Day,Joda,62,117.0,174.0,230.0,252.0,300.0,311,355.0,400.0,444.0,488.0,533.0,577.0,621.0,667.0,738.0,738.0,738.0,738.0,738.0,738.0,738.0,738.0,738.0,738.0,738.0
,,McDowells,63.0,126.0,184.0,252.0,284.0,322.0,364.0,445.0,477.0,509.0,540.0,566.0,583.0,600.0,616.0,637.0,651.0,670.0,688.0,706.0,779.0,779.0,779.0,779.0,779.0,779.0
,Economy,Joda,57,108.0,159.0,208.0,225.0,271.0,311,355.0,400.0,444.0,488.0,533.0,577.0,621.0,667.0,738.0,738.0,738.0,738.0,738.0,738.0,738.0,738.0,738.0,738.0,738.0
,,McDowells,60.0,118.0,175.0,227.0,263.0,300.0,300.0,300.0,300.0,300.0,300.0,300.0,300.0,300.0,300.0,300.0,300.0,300.0,300.0,300.0,300.0,300.0,300.0,300.0,300.0,300.0
SR,Next Day,Joda,66,127.0,189.0,247.0,261.0,312.0,349,399.0,449.0,498.0,521.0,521.0,521.0,521.0,521.0,536.0,536.0,536.0,536.0,536.0,536.0,536.0,536.0,536.0,536.0,536.0
,,McDowells,58.0,116.0,174.0,221.0,253.0,284.0,306.0,354.0,381.0,406.0,415.0,420.0,426.0,431.0,436.0,441.0,446.0,452.0,457.0,467.0,476.0,476.0,476.0,476.0,476.0,476.0
,Economy,Joda,51,100.0,149.0,195.0,208.0,249.0,349,399.0,449.0,498.0,521.0,521.0,521.0,521.0,521.0,536.0,536.0,536.0,536.0,536.0,536.0,536.0,536.0,536.0,536.0,536.0
,,McDowells,50.0,100.0,150.0,188.0,215.0,234.0,234.0,234.0,234.0,234.0,234.0,234.0,234.0,234.0,234.0,234.0,234.0,234.0,234.0,234.0,234.0,234.0,234.0,234.0,234.0,234.0
SY 1-2,Next Day,Joda,85,169.0,247.0,322.0,337.0,403.0,449,512.0,556.0,562.0,578.0,595.0,611.0,621.0,637.0,664.0,664.0,664.0,664.0,664.0,664.0,664.0,664.0,664.0,664.0,664.0
,,McDowells,58.0,116.0,174.0,221.0,253.0,284.0,306.0,354.0,381.0,406.0,415.0,420.0,426.0,431.0,436.0,441.0,446.0,452.0,457.0,467.0,476.0,476.0,476.0,476.0,476.0,476.0
,Economy,Joda,76,149.0,220.0,287.0,301.0,361.0,449,512.0,556.0,562.0,578.0,595.0,611.0,621.0,637.0,664.0,664.0,664.0,664.0,664.0,664.0,664.0,664.0,664.0,664.0,664.0
,,McDowells,50.0,100.0,150.0,188.0,215.0,234.0,234.0,234.0,234.0,234.0,234.0,234.0,234.0,234.0,234.0,234.0,234.0,234.0,234.0,234.0,234.0,234.0,234.0,234.0,234.0,234.0
TF,Next Day,Joda,60,112.0,168.0,223.0,242.0,289.0,300,342.0,385.0,428.0,471.0,513.0,521.0,521.0,521.0,545.0,545.0,545.0,545.0,545.0,545.0,545.0,545.0,545.0,545.0,545.0
,,McDowells,58.0,116.0,174.0,221.0,253.0,284.0,306.0,354.0,381.0,406.0,415.0,420.0,426.0,431.0,436.0,441.0,446.0,452.0,457.0,467.0,476.0,476.0,476.0,476.0,476.0,476.0
,Economy,Joda,56,110.0,161.0,167.0,224.0,266.0,300,342.0,385.0,428.0,471.0,513.0,521.0,521.0,521.0,545.0,545.0,545.0,545.0,545.0,545.0,545.0,545.0,545.0,545.0,545.0
,,McDowells,50.0,100.0,150.0,188.0,215.0,234.0,234.0,234.0,234.0,234.0,234.0,234.0,234.0,234.0,234.0,234.0,234.0,234.0,234.0,234.0,234.0,234.0,234.0,234.0,234.0,234.0
TS,Next Day,Joda,66,127.0,189.0,244.0,262.0,315.0,349,399.0,449.0,498.0,511.0,511.0,511.0,511.0,511.0,511.0,511.0,511.0,511.0,511.0,511.0,511.0,511.0,511.0,511.0,511.0
,,McDowells,57.0,114.0,171.0,208.0,230.0,269.0,283.0,319.0,332.0,368.0,379.0,389.0,400.0,410.0,426.0,436.0,441.0,446.0,446.0,446.0,446.0,446.0,446.0,446.0,446.0,446.0
,Economy,Joda,51,102.0,149.0,196.0,209.0,250.0,349,399.0,449.0,498.0,511.0,511.0,511.0,511.0,511.0,511.0,511.0,511.0,511.0,511.0,511.0,511.0,511.0,511.0,511.0,511.0
,,McDowells,50.0,100.0,150.0,188.0,215.0,234.0,234.0,234.0,234.0,234.0,234.0,234.0,234.0,234.0,234.0,234.0,234.0,234.0,234.0,234.0,234.0,234.0,234.0,234.0,234.0,234.0
WR,Next Day,Joda,60,112.0,168.0,223.0,242.0,289.0,311,355.0,400.0,444.0,488.0,533.0,577.0,579.0,616.0,681.0,681.0,681.0,681.0,681.0,681.0,681.0,681.0,681.0,681.0,681.0
,,McDowells,58.0,116.0,174.0,221.0,253.0,284.0,306.0,354.0,381.0,406.0,415.0,426.0,436.0,446.0,457.0,467.0,477.0,488.0,498.0,503.0,511.0,511.0,511.0,511.0,511.0,511.0
,Economy,Joda,55,104.0,153.0,201.0,219.0,260.0,311,355.0,400.0,444.0,488.0,533.0,577.0,579.0,616.0,681.0,681.0,681.0,681.0,681.0,681.0,681.0,681.0,681.0,681.0,681.0
,,McDowells,52.0,104.0,156.0,202.0,225.0,262.0,262.0,262.0,262.0,262.0,262.0,262.0,262.0,262.0,262.0,262.0,262.0,262.0,262.0,262.0,262.0,262.0,262.0,262.0,262.0,262.0
BA,Next Day,Joda,62,117.0,174.0,230.0,252.0,300.0,318,355.0,400.0,444.0,488.0,533.0,577.0,621.0,667.0,750.0,750.0,750.0,750.0,750.0,750.0,750.0,750.0,750.0,750.0,750.0
,,McDowells,77.0,148.0,216.0,286.0,337.0,387.0,437.0,492.0,526.0,558.0,602.0,644.0,685.0,727.0,768.0,810.0,851.0,893.0,934.0,955.0,971.0,971.0,971.0,971.0,971.0,971.0
,Economy,Joda,57,108.0,159.0,208.0,225.0,271.0,318,355.0,400.0,444.0,488.0,533.0,577.0,621.0,667.0,750.0,750.0,750.0,750.0,750.0,750.0,750.0,750.0,750.0,750.0,750.0
,,McDowells,61.0,122.0,183.0,244.0,291.0,349.0,349.0,349.0,349.0,349.0,349.0,349.0,349.0,349.0,349.0,349.0,349.0,349.0,349.0,349.0,349.0,349.0,349.0,349.0,349.0,349.0
BS,Next Day,Joda,62,117.0,174.0,230.0,252.0,300.0,318,355.0,400.0,444.0,488.0,533.0,577.0,621.0,637.0,773.0,773.0,773.0,773.0,773.0,773.0,773.0,773.0,773.0,773.0,773.0
,,McDowells,63.0,126.0,184.0,252.0,284.0,322.0,364.0,445.0,477.0,509.0,540.0,566.0,583.0,600.0,616.0,637.0,651.0,670.0,688.0,706.0,779.0,779.0,779.0,779.0,779.0,779.0
,Economy,Joda,57,108.0,159.0,208.0,227.0,271.0,318,355.0,400.0,444.0,488.0,533.0,577.0,621.0,637.0,773.0,773.0,773.0,773.0,773.0,773.0,773.0,773.0,773.0,773.0,773.0
,,McDowells,60.0,118.0,175.0,227.0,263.0,300.0,300.0,300.0,300.0,300.0,300.0,300.0,300.0,300.0,300.0,300.0,300.0,300.0,300.0,300.0,300.0,300.0,300.0,300.0,300.0,300.0
CF,Next Day,Joda,62,117.0,174.0,230.0,252.0,300.0,350,413.0,464.0,493.0,527.0,542.0,577.0,621.0,675.0,773.0,773.0,773.0,773.0,773.0,773.0,773.0,773.0,773.0,773.0,773.0
,,McDowells,63.0,126.0,184.0,252.0,284.0,322.0,364.0,445.0,477.0,509.0,540.0,566.0,583.0,600.0,616.0,637.0,651.0,670.0,688.0,706.0,779.0,779.0,779.0,779.0,779.0,779.0
,Economy,Joda,57,108.0,159.0,208.0,227.0,271.0,350,413.0,464.0,493.0,527.0,542.0,577.0,621.0,675.0,773.0,773.0,773.0,773.0,773.0,773.0,773.0,773.0,773.0,773.0,773.0
,,McDowells,60.0,118.0,175.0,227.0,263.0,300.0,300.0,300.0,300.0,300.0,300.0,300.0,300.0,300.0,300.0,300.0,300.0,300.0,300.0,300.0,300.0,300.0,300.0,300.0,300.0,300.0
CM,Next Day,Joda,62,117.0,174.0,230.0,252.0,300.0,318,355.0,400.0,444.0,488.0,533.0,577.0,621.0,667.0,702.0,702.0,702.0,702.0,702.0,702.0,702.0,702.0,702.0,702.0,702.0
,,McDowells,63.0,126.0,184.0,252.0,284.0,322.0,364.0,445.0,477.0,509.0,540.0,566.0,583.0,600.0,616.0,637.0,651.0,670.0,688.0,706.0,779.0,779.0,779.0,779.0,779.0,779.0
,Economy,Joda,57,108.0,159.0,208.0,225.0,271.0,318,355.0,400.0,444.0,488.0,533.0,577.0,621.0,667.0,702.0,702.0,702.0,702.0,702.0,702.0,702.0,702.0,702.0,702.0,702.0
,,McDowells,60.0,118.0,175.0,227.0,263.0,300.0,300.0,300.0,300.0,300.0,300.0,300.0,300.0,300.0,300.0,300.0,300.0,300.0,300.0,300.0,300.0,300.0,300.0,300.0,300.0,300.0
CO,Next Day,Joda,66,127.0,189.0,244.0,268.0,317.0,349,399.0,449.0,498.0,548.0,598.0,648.0,695.0,695.0,738.0,738.0,738.0,738.0,738.0,738.0,738.0,738.0,738.0,738.0,738.0
,,McDowells,63.0,126.0,184.0,252.0,284.0,322.0,364.0,445.0,477.0,509.0,540.0,566.0,583.0,600.0,616.0,637.0,651.0,670.0,688.0,706.0,779.0,779.0,779.0,779.0,779.0,779.0
,Economy,Joda,55,104.0,153.0,201.0,219.0,260.0,349,399.0,449.0,498.0,548.0,598.0,648.0,695.0,695.0,738.0,738.0,738.0,738.0,738.0,738.0,738.0,738.0,738.0,738.0,738.0
,,McDowells,60.0,118.0,175.0,227.0,263.0,300.0,300.0,300.0,300.0,300.0,300.0,300.0,300.0,300.0,300.0,300.0,300.0,300.0,300.0,300.0,300.0,300.0,300.0,300.0,300.0,300.0
EN,Next Day,Joda,64,123.0,180.0,239.0,260.0,305.0,322,368.0,414.0,460.0,506.0,552.0,598.0,644.0,690.0,795.0,795.0,795.0,795.0,795.0,795.0,795.0,795.0,795.0,795.0,795.0
,,McDowells,58.0,116.0,174.0,221.0,253.0,284.0,349.0,415.0,426.0,436.0,467.0,488.0,509.0,529.0,550.0,571.0,592.0,612.0,623.0,633.0,649.0,649.0,649.0,649.0,649.0,649.0
,Economy,Joda,58,111.0,164.0,216.0,239.0,285.0,322,368.0,414.0,460.0,506.0,552.0,598.0,644.0,690.0,795.0,795.0,795.0,795.0,795.0,795.0,795.0,795.0,795.0,795.0,795.0
,,McDowells,52.0,104.0,156.0,202.0,225.0,262.0,262.0,262.0,262.0,262.0,262.0,262.0,262.0,262.0,262.0,262.0,262.0,262.0,262.0,262.0,262.0,262.0,262.0,262.0,262.0,262.0
FY,Next Day,Joda,60,112.0,166.0,217.0,223.0,264.0,311,355.0,400.0,402.0,402.0,402.0,402.0,402.0,402.0,454.0,454.0,454.0,454.0,454.0,454.0,454.0,454.0,454.0,454.0,454.0
,,McDowells,58.0,116.0,174.0,221.0,253.0,284.0,306.0,354.0,381.0,406.0,415.0,420.0,426.0,431.0,436.0,441.0,446.0,452.0,457.0,467.0,476.0,476.0,476.0,476.0,476.0,476.0
,Economy,Joda,52,99.0,147.0,193.0,202.0,239.0,311,355.0,400.0,402.0,402.0,402.0,402.0,402.0,402.0,454.0,454.0,454.0,454.0,454.0,454.0,454.0,454.0,454.0,454.0,454.0
,,McDowells,50.0,100.0,150.0,188.0,215.0,234.0,234.0,234.0,234.0,234.0,234.0,234.0,234.0,234.0,234.0,234.0,234.0,234.0,234.0,234.0,234.0,234.0,234.0,234.0,234.0,234.0
GU,Next Day,Joda,76,147.0,212.0,280.0,300.0,360.0,387,443.0,498.0,553.0,609.0,664.0,720.0,750.0,750.0,775.0,775.0,775.0,775.0,775.0,775.0,775.0,775.0,775.0,775.0,775.0
,,McDowells,63.0,126.0,184.0,252.0,284.0,322.0,364.0,445.0,477.0,509.0,540.0,566.0,583.0,600.0,616.0,637.0,651.0,670.0,688.0,706.0,779.0,779.0,779.0,779.0,779.0,779.0
,Economy,Joda,63,119.0,175.0,229.0,252.0,300.0,387,443.0,498.0,553.0,609.0,664.0,720.0,750.0,750.0,775.0,775.0,775.0,775.0,775.0,775.0,775.0,775.0,775.0,775.0,775.0
,,McDowells,60.0,118.0,175.0,227.0,263.0,300.0,300.0,300.0,300.0,300.0,300.0,300.0,300.0,300.0,300.0,300.0,300.0,300.0,300.0,300.0,300.0,300.0,300.0,300.0,300.0,300.0
HA,Next Day,Joda,69,132.0,196.0,253.0,280.0,331.0,349,399.0,449.0,498.0,548.0,598.0,648.0,695.0,695.0,795.0,795.0,795.0,795.0,795.0,795.0,795.0,795.0,795.0,795.0,795.0
,,McDowells,58.0,116.0,174.0,221.0,253.0,284.0,349.0,415.0,426.0,436.0,467.0,488.0,509.0,529.0,550.0,571.0,592.0,612.0,623.0,633.0,649.0,649.0,649.0,649.0,649.0,649.0
,Economy,Joda,62,117.0,175.0,231.0,253.0,302.0,349,399.0,449.0,498.0,548.0,598.0,648.0,695.0,695.0,795.0,795.0,795.0,795.0,795.0,795.0,795.0,795.0,795.0,795.0,795.0
,,McDowells,52.0,104.0,156.0,202.0,225.0,262.0,262.0,262.0,262.0,262.0,262.0,262.0,262.0,262.0,262.0,262.0,262.0,262.0,262.0,262.0,262.0,262.0,262.0,262.0,262.0,262.0
IG,Next Day,Joda,64,123.0,180.0,239.0,260.0,305.0,322,368.0,414.0,460.0,506.0,552.0,598.0,644.0,690.0,738.0,738.0,738.0,738.0,738.0,738.0,738.0,738.0,738.0,738.0,738.0
,,McDowells,63.0,126.0,184.0,252.0,284.0,322.0,364.0,445.0,477.0,509.0,540.0,566.0,583.0,600.0,616.0,637.0,651.0,670.0,688.0,706.0,779.0,779.0,779.0,779.0,779.0,779.0
,Economy,Joda,58,111.0,164.0,216.0,239.0,285.0,322,368.0,414.0,460.0,506.0,552.0,598.0,644.0,690.0,738.0,738.0,738.0,738.0,738.0,738.0,738.0,738.0,738.0,738.0,738.0
,,McDowells,60.0,118.0,175.0,227.0,263.0,300.0,300.0,300.0,300.0,300.0,300.0,300.0,300.0,300.0,300.0,300.0,300.0,300.0,300.0,300.0,300.0,300.0,300.0,300.0,300.0,300.0
IP,Next Day,Joda,66,127.0,189.0,244.0,268.0,317.0,349,399.0,449.0,498.0,548.0,598.0,648.0,695.0,695.0,738.0,738.0,738.0,738.0,738.0,738.0,738.0,738.0,738.0,738.0,738.0
,,McDowells,58.0,116.0,174.0,221.0,253.0,284.0,349.0,415.0,426.0,436.0,467.0,488.0,509.0,529.0,550.0,571.0,592.0,612.0,623.0,633.0,649.0,649.0,649.0,649.0,649.0,649.0
,Economy,Joda,55,104.0,153.0,201.0,219.0,260.0,349,399.0,449.0,498.0,548.0,598.0,648.0,695.0,695.0,738.0,738.0,738.0,738.0,738.0,738.0,738.0,738.0,738.0,738.0,738.0
,,McDowells,52.0,104.0,156.0,202.0,225.0,262.0,262.0,262.0,262.0,262.0,262.0,262.0,262.0,262.0,262.0,262.0,262.0,262.0,262.0,262.0,262.0,262.0,262.0,262.0,262.0,262.0
LA1-10,Next Day,Joda,59,112.0,167.0,220.0,231.0,273.0,318,332.0,347.0,359.0,370.0,386.0,375.0,375.0,375.0,455.0,455.0,455.0,455.0,455.0,455.0,455.0,455.0,455.0,455.0,455.0
,,McDowells,58.0,116.0,174.0,221.0,253.0,284.0,306.0,354.0,381.0,406.0,415.0,420.0,426.0,431.0,436.0,441.0,446.0,452.0,457.0,467.0,476.0,476.0,476.0,476.0,476.0,476.0
,Economy,Joda,52,102.0,150.0,197.0,209.0,246.0,318,332.0,347.0,359.0,370.0,386.0,375.0,375.0,375.0,455.0,455.0,455.0,455.0,455.0,455.0,455.0,455.0,455.0,455.0,455.0
,,McDowells,50.0,100.0,150.0,188.0,215.0,234.0,234.0,234.0,234.0,234.0,234.0,234.0,234.0,234.0,234.0,234.0,234.0,234.0,234.0,234.0,234.0,234.0,234.0,234.0,234.0,234.0
LA11 +,Next Day,Joda,82,165.0,243.0,317.0,332.0,392.0,391,396.0,402.0,418.0,428.0,445.0,445.0,445.0,445.0,511.0,511.0,511.0,511.0,511.0,511.0,511.0,511.0,511.0,511.0,511.0
,,McDowells,58.0,116.0,174.0,221.0,253.0,284.0,306.0,354.0,381.0,406.0,415.0,420.0,426.0,431.0,436.0,441.0,446.0,452.0,457.0,467.0,476.0,476.0,476.0,476.0,476.0,476.0
,Economy,Joda,76,149.0,215.0,285.0,297.0,358.0,391,396.0,402.0,418.0,428.0,445.0,445.0,445.0,445.0,511.0,511.0,511.0,511.0,511.0,511.0,511.0,511.0,511.0,511.0,511.0
,,McDowells,50.0,100.0,150.0,188.0,215.0,234.0,234.0,234.0,234.0,234.0,234.0,234.0,234.0,234.0,234.0,234.0,234.0,234.0,234.0,234.0,234.0,234.0,234.0,234.0,234.0,234.0
NP,Next Day,Joda,62,117.0,174.0,230.0,252.0,296.0,318,355.0,400.0,444.0,488.0,533.0,577.0,621.0,661.0,795.0,795.0,795.0,795.0,795.0,795.0,795.0,795.0,795.0,795.0,795.0
,,McDowells,63.0,126.0,184.0,252.0,284.0,322.0,364.0,445.0,477.0,509.0,540.0,566.0,583.0,600.0,616.0,637.0,651.0,670.0,688.0,706.0,779.0,779.0,779.0,779.0,779.0,779.0
,Economy,Joda,57,108.0,159.0,208.0,225.0,271.0,318,355.0,400.0,444.0,488.0,533.0,577.0,621.0,661.0,795.0,795.0,795.0,795.0,795.0,795.0,795.0,795.0,795.0,795.0,795.0
,,McDowells,60.0,118.0,175.0,227.0,263.0,300.0,300.0,300.0,300.0,300.0,300.0,300.0,300.0,300.0,300.0,300.0,300.0,300.0,300.0,300.0,300.0,300.0,300.0,300.0,300.0,300.0
NR,Next Day,Joda,66,127.0,189.0,244.0,268.0,317.0,349,399.0,449.0,498.0,548.0,598.0,648.0,695.0,695.0,738.0,738.0,738.0,738.0,738.0,738.0,738.0,738.0,738.0,738.0,738.0
,,McDowells,58.0,116.0,174.0,221.0,253.0,284.0,349.0,415.0,426.0,436.0,467.0,488.0,509.0,529.0,550.0,571.0,592.0,612.0,623.0,633.0,649.0,649.0,649.0,649.0,649.0,649.0
,Economy,Joda,55,104.0,153.0,201.0,219.0,260.0,349,399.0,449.0,498.0,548.0,598.0,648.0,695.0,695.0,738.0,738.0,738.0,738.0,738.0,738.0,738.0,738.0,738.0,738.0,738.0
,,McDowells,52.0,104.0,156.0,202.0,225.0,262.0,262.0,262.0,262.0,262.0,262.0,262.0,262.0,262.0,262.0,262.0,262.0,262.0,262.0,262.0,262.0,262.0,262.0,262.0,262.0,262.0
PE 1-20,Next Day,Joda,62,117.0,174.0,230.0,252.0,300.0,318,355.0,400.0,444.0,488.0,533.0,556.0,556.0,556.0,625.0,625.0,625.0,625.0,625.0,625.0,625.0,625.0,625.0,625.0,625.0
,,McDowells,58.0,116.0,174.0,221.0,253.0,284.0,349.0,415.0,426.0,436.0,446.0,457.0,467.0,477.0,488.0,498.0,509.0,519.0,519.0,519.0,519.0,519.0,519.0,519.0,519.0,519.0
,Economy,Joda,57,108.0,159.0,208.0,225.0,271.0,318,355.0,400.0,444.0,488.0,533.0,556.0,556.0,556.0,625.0,625.0,625.0,625.0,625.0,625.0,625.0,625.0,625.0,625.0,625.0
,,McDowells,52.0,104.0,156.0,202.0,225.0,262.0,262.0,262.0,262.0,262.0,262.0,262.0,262.0,262.0,262.0,262.0,262.0,262.0,262.0,262.0,262.0,262.0,262.0,262.0,262.0,262.0
PE 21-29,Next Day,Joda,66,127.0,189.0,244.0,266.0,304.0,349,399.0,449.0,498.0,548.0,598.0,637.0,637.0,637.0,659.0,659.0,659.0,659.0,659.0,659.0,659.0,659.0,659.0,659.0,659.0
,,McDowells,58.0,116.0,174.0,221.0,253.0,284.0,349.0,415.0,426.0,436.0,446.0,457.0,467.0,477.0,488.0,498.0,509.0,519.0,519.0,519.0,519.0,519.0,519.0,519.0,519.0,519.0
,Economy,Joda,55,104.0,153.0,201.0,219.0,260.0,349,399.0,449.0,498.0,548.0,598.0,637.0,637.0,637.0,659.0,659.0,659.0,659.0,659.0,659.0,659.0,659.0,659.0,659.0,659.0
,,McDowells,52.0,104.0,156.0,202.0,225.0,262.0,262.0,262.0,262.0,262.0,262.0,262.0,262.0,262.0,262.0,262.0,262.0,262.0,262.0,262.0,262.0,262.0,262.0,262.0,262.0,262.0
PE 30,Next Day,Joda,66,127.0,189.0,244.0,268.0,317.0,319,340.0,360.0,380.0,400.0,420.0,454.0,488.0,522.0,659.0,659.0,659.0,659.0,659.0,659.0,659.0,659.0,659.0,659.0,659.0
,,McDowells,58.0,116.0,174.0,221.0,253.0,284.0,349.0,415.0,426.0,436.0,446.0,457.0,467.0,477.0,488.0,498.0,509.0,519.0,519.0,519.0,519.0,519.0,519.0,519.0,519.0,519.0
,Economy,Joda,55,104.0,153.0,201.0,219.0,260.0,319,340.0,360.0,380.0,400.0,420.0,454.0,488.0,522.0,659.0,659.0,659.0,659.0,659.0,659.0,659.0,659.0,659.0,659.0,659.0
,,McDowells,52.0,104.0,156.0,202.0,225.0,262.0,262.0,262.0,262.0,262.0,262.0,262.0,262.0,262.0,262.0,262.0,262.0,262.0,262.0,262.0,262.0,262.0,262.0,262.0,262.0,262.0
RG,Next Day,Joda,64,123.0,180.0,239.0,260.0,305.0,322,368.0,414.0,460.0,506.0,552.0,598.0,644.0,684.0,773.0,773.0,773.0,773.0,773.0,773.0,773.0,773.0,773.0,773.0,773.0
,,McDowells,63.0,126.0,184.0,252.0,284.0,322.0,364.0,445.0,477.0,509.0,540.0,566.0,583.0,600.0,616.0,637.0,651.0,670.0,688.0,706.0,779.0,779.0,779.0,779.0,779.0,779.0
,Economy,Joda,58,111.0,164.0,216.0,239.0,285.0,322,368.0,414.0,460.0,506.0,552.0,598.0,644.0,684.0,773.0,773.0,773.0,773.0,773.0,773.0,773.0,773.0,773.0,773.0,773.0
,,McDowells,60.0,118.0,175.0,227.0,263.0,300.0,300.0,300.0,300.0,300.0,300.0,300.0,300.0,300.0,300.0,300.0,300.0,300.0,300.0,300.0,300.0,300.0,300.0,300.0,300.0,300.0
RM,Next Day,Joda,64,123.0,180.0,239.0,260.0,305.0,322,368.0,414.0,460.0,506.0,552.0,598.0,644.0,684.0,773.0,773.0,773.0,773.0,773.0,773.0,773.0,773.0,773.0,773.0,773.0
,,McDowells,63.0,126.0,184.0,252.0,284.0,322.0,364.0,445.0,477.0,509.0,540.0,566.0,583.0,600.0,616.0,637.0,651.0,670.0,688.0,706.0,779.0,779.0,779.0,779.0,779.0,779.0
,Economy,Joda,58,111.0,164.0,216.0,239.0,285.0,322,368.0,414.0,460.0,506.0,552.0,598.0,644.0,684.0,773.0,773.0,773.0,773.0,773.0,773.0,773.0,773.0,773.0,773.0,773.0
,,McDowells,60.0,118.0,175.0,227.0,263.0,300.0,300.0,300.0,300.0,300.0,300.0,300.0,300.0,300.0,300.0,300.0,300.0,300.0,300.0,300.0,300.0,300.0,300.0,300.0,300.0,300.0
SL,Next Day,Joda,64,124.0,182.0,241.0,260.0,303.0,322,368.0,414.0,460.0,506.0,552.0,598.0,644.0,672.0,795.0,795.0,795.0,795.0,795.0,795.0,795.0,795.0,795.0,795.0,795.0
,,McDowells,63.0,126.0,184.0,252.0,284.0,322.0,364.0,445.0,477.0,509.0,540.0,566.0,583.0,600.0,616.0,637.0,651.0,670.0,688.0,706.0,779.0,779.0,779.0,779.0,779.0,779.0
,Economy,Joda,59,110.0,164.0,219.0,241.0,285.0,322,368.0,414.0,460.0,506.0,552.0,598.0,644.0,672.0,795.0,795.0,795.0,795.0,795.0,795.0,795.0,795.0,795.0,795.0,795.0
,,McDowells,60.0,118.0,175.0,227.0,263.0,300.0,300.0,300.0,300.0,300.0,300.0,300.0,300.0,300.0,300.0,300.0,300.0,300.0,300.0,300.0,300.0,300.0,300.0,300.0,300.0,300.0
SP,Next Day,Joda,66,127.0,189.0,244.0,268.0,317.0,349,399.0,449.0,498.0,548.0,598.0,648.0,698.0,748.0,800.0,800.0,800.0,800.0,800.0,800.0,800.0,800.0,800.0,800.0,800.0
,,McDowells,77.0,148.0,216.0,286.0,337.0,387.0,437.0,492.0,526.0,558.0,602.0,644.0,685.0,727.0,768.0,810.0,851.0,893.0,934.0,955.0,971.0,971.0,971.0,971.0,971.0,971.0
,Economy,Joda,55,104.0,153.0,201.0,219.0,260.0,349,399.0,449.0,498.0,548.0,598.0,648.0,698.0,748.0,800.0,800.0,800.0,800.0,800.0,800.0,800.0,800.0,800.0,800.0,800.0
,,McDowells,61.0,122.0,183.0,244.0,291.0,349.0,349.0,349.0,349.0,349.0,349.0,349.0,349.0,349.0,349.0,349.0,349.0,349.0,349.0,349.0,349.0,349.0,349.0,349.0,349.0,349.0
WD,Next Day,Joda,62,117.0,174.0,230.0,252.0,300.0,311,355.0,400.0,444.0,488.0,533.0,577.0,621.0,667.0,738.0,738.0,738.0,738.0,738.0,738.0,738.0,738.0,738.0,738.0,738.0
,,McDowells,58.0,116.0,174.0,221.0,253.0,284.0,306.0,354.0,381.0,406.0,415.0,426.0,436.0,446.0,457.0,498.0,509.0,519.0,529.0,545.0,566.0,566.0,566.0,566.0,566.0,566.0
,Economy,Joda,57,108.0,159.0,208.0,225.0,271.0,311,355.0,400.0,444.0,488.0,533.0,577.0,621.0,667.0,738.0,738.0,738.0,738.0,738.0,738.0,738.0,738.0,738.0,738.0,738.0
,,McDowells,52.0,104.0,156.0,202.0,225.0,262.0,262.0,262.0,262.0,262.0,262.0,262.0,262.0,262.0,262.0,262.0,262.0,262.0,262.0,262.0,262.0,262.0,262.0,262.0,262.0,262.0
YO (All Other),Next Day,Joda,66,127.0,189.0,244.0,268.0,317.0,349,399.0,449.0,498.0,511.0,511.0,511.0,511.0,511.0,511.0,511.0,511.0,511.0,511.0,511.0,511.0,511.0,511.0,511.0,511.0
,,McDowells,58.0,116.0,174.0,221.0,253.0,284.0,349.0,415.0,426.0,436.0,446.0,457.0,467.0,477.0,488.0,498.0,509.0,519.0,519.0,519.0,519.0,519.0,519.0,519.0,519.0,519.0
,Economy,Joda,55,104.0,153.0,201.0,219.0,260.0,349,399.0,449.0,498.0,511.0,511.0,511.0,511.0,511.0,511.0,511.0,511.0,511.0,511.0,511.0,511.0,511.0,511.0,511.0,511.0
,,McDowells,52.0,104.0,156.0,202.0,225.0,262.0,262.0,262.0,262.0,262.0,262.0,262.0,262.0,262.0,262.0,262.0,262.0,262.0,262.0,262.0,262.0,262.0,262.0,262.0,262.0,262.0
"YO1-8,19,51,60",Next Day,Joda,66,127.0,189.0,244.0,268.0,317.0,284,318.0,341.0,375.0,386.0,397.0,409.0,420.0,431.0,450.0,450.0,450.0,450.0,450.0,450.0,450.0,450.0,450.0,450.0,450.0
,,McDowells,58.0,116.0,174.0,221.0,253.0,284.0,349.0,415.0,426.0,436.0,446.0,457.0,467.0,477.0,488.0,498.0,509.0,519.0,519.0,519.0,519.0,519.0,519.0,519.0,519.0,519.0
,Economy,Joda,55,104.0,153.0,201.0,219.0,260.0,284,318.0,341.0,375.0,386.0,397.0,409.0,420.0,431.0,450.0,450.0,450.0,450.0,450.0,450.0,450.0,450.0,450.0,450.0,450.0
,,McDowells,52.0,104.0,156.0,202.0,225.0,262.0,262.0,262.0,262.0,262.0,262.0,262.0,262.0,262.0,262.0,262.0,262.0,262.0,262.0,262.0,262.0,262.0,262.0,262.0,262.0,262.0
BR,Next Day,Joda,69,132.0,196.0,253.0,280.0,331.0,349,399.0,449.0,498.0,548.0,598.0,648.0,695.0,695.0,795.0,795.0,795.0,795.0,795.0,795.0,795.0,795.0,795.0,795.0,795.0
,,McDowells,63.0,126.0,184.0,252.0,284.0,322.0,364.0,445.0,477.0,509.0,540.0,566.0,583.0,600.0,616.0,637.0,651.0,670.0,688.0,706.0,779.0,779.0,779.0,779.0,779.0,779.0
,Economy,Joda,62,117.0,175.0,231.0,253.0,302.0,349,399.0,449.0,498.0,548.0,598.0,648.0,695.0,695.0,795.0,795.0,795.0,795.0,795.0,795.0,795.0,795.0,795.0,795.0,795.0
,,McDowells,60.0,118.0,175.0,227.0,263.0,300.0,300.0,300.0,300.0,300.0,300.0,300.0,300.0,300.0,300.0,300.0,300.0,300.0,300.0,300.0,300.0,300.0,300.0,300.0,300.0,300.0
CR,Next Day,Joda,75,148.0,216.0,284.0,305.0,363.0,382,436.0,491.0,545.0,600.0,654.0,695.0,695.0,695.0,795.0,795.0,795.0,795.0,795.0,795.0,795.0,795.0,795.0,795.0,795.0
,,McDowells,63.0,126.0,184.0,252.0,284.0,322.0,364.0,445.0,477.0,509.0,540.0,566.0,583.0,600.0,616.0,637.0,651.0,670.0,688.0,706.0,779.0,779.0,779.0,779.0,779.0,779.0
,Economy,Joda,67,131.0,193.0,253.0,276.0,333.0,382,436.0,491.0,545.0,600.0,654.0,695.0,695.0,695.0,795.0,795.0,795.0,795.0,795.0,795.0,795.0,795.0,795.0,795.0,795.0
,,McDowells,60.0,118.0,175.0,227.0,263.0,300.0,300.0,300.0,300.0,300.0,300.0,300.0,300.0,300.0,300.0,300.0,300.0,300.0,300.0,300.0,300.0,300.0,300.0,300.0,300.0,300.0
DA,Next Day,Joda,64,123.0,179.0,238.0,258.0,309.0,322,368.0,414.0,460.0,506.0,552.0,598.0,644.0,690.0,795.0,795.0,795.0,795.0,795.0,795.0,795.0,795.0,795.0,795.0,795.0
,,McDowells,63.0,126.0,184.0,252.0,284.0,322.0,364.0,445.0,477.0,509.0,540.0,566.0,583.0,600.0,616.0,637.0,651.0,670.0,688.0,706.0,779.0,779.0,779.0,779.0,779.0,779.0
,Economy,Joda,57,110.0,163.0,216.0,240.0,289.0,322,368.0,414.0,460.0,506.0,552.0,598.0,644.0,690.0,795.0,795.0,795.0,795.0,795.0,795.0,795.0,795.0,795.0,795.0,795.0
,,McDowells,60.0,118.0,175.0,227.0,263.0,300.0,300.0,300.0,300.0,300.0,300.0,300.0,300.0,300.0,300.0,300.0,300.0,300.0,300.0,300.0,300.0,300.0,300.0,300.0,300.0,300.0
KT,Next Day,Joda,75,148.0,216.0,284.0,305.0,363.0,389,445.0,500.0,556.0,612.0,667.0,709.0,709.0,709.0,795.0,795.0,795.0,795.0,795.0,795.0,795.0,795.0,795.0,795.0,795.0
,,McDowells,63.0,126.0,184.0,252.0,284.0,322.0,364.0,445.0,477.0,509.0,540.0,566.0,583.0,600.0,616.0,637.0,651.0,670.0,688.0,706.0,779.0,779.0,779.0,779.0,779.0,779.0
,Economy,Joda,67,131.0,193.0,253.0,276.0,333.0,389,445.0,500.0,556.0,612.0,667.0,709.0,709.0,709.0,795.0,795.0,795.0,795.0,795.0,795.0,795.0,795.0,795.0,795.0,795.0
,,McDowells,60.0,118.0,175.0,227.0,263.0,300.0,300.0,300.0,300.0,300.0,300.0,300.0,300.0,300.0,300.0,300.0,300.0,300.0,300.0,300.0,300.0,300.0,300.0,300.0,300.0,300.0
ME,Next Day,Joda,75,148.0,216.0,284.0,306.0,368.0,387,443.0,498.0,553.0,609.0,664.0,720.0,741.0,775.0,850.0,850.0,850.0,850.0,850.0,850.0,850.0,850.0,850.0,850.0,850.0
,,McDowells,77.0,148.0,216.0,286.0,337.0,387.0,437.0,492.0,526.0,558.0,602.0,644.0,685.0,727.0,768.0,810.0,851.0,893.0,934.0,955.0,971.0,971.0,971.0,971.0,971.0,971.0
,Economy,Joda,63,119.0,175.0,232.0,254.0,301.0,387,443.0,498.0,553.0,609.0,664.0,720.0,741.0,775.0,850.0,850.0,850.0,850.0,850.0,850.0,850.0,850.0,850.0,850.0,850.0
,,McDowells,61.0,122.0,183.0,244.0,291.0,349.0,349.0,349.0,349.0,349.0,349.0,349.0,349.0,349.0,349.0,349.0,349.0,349.0,349.0,349.0,349.0,349.0,349.0,349.0,349.0,349.0
RH,Next Day,Joda,69,132.0,196.0,253.0,280.0,331.0,334,380.0,428.0,476.0,523.0,571.0,619.0,667.0,707.0,773.0,773.0,773.0,773.0,773.0,773.0,773.0,773.0,773.0,773.0,773.0
,,McDowells,63.0,126.0,184.0,252.0,284.0,322.0,364.0,445.0,477.0,509.0,540.0,566.0,583.0,600.0,616.0,637.0,651.0,670.0,688.0,706.0,779.0,779.0,779.0,779.0,779.0,779.0
,Economy,Joda,62,117.0,175.0,231.0,253.0,302.0,334,380.0,428.0,476.0,523.0,571.0,619.0,667.0,707.0,773.0,773.0,773.0,773.0,773.0,773.0,773.0,773.0,773.0,773.0,773.0
,,McDowells,60.0,118.0,175.0,227.0,263.0,300.0,300.0,300.0,300.0,300.0,300.0,300.0,300.0,300.0,300.0,300.0,300.0,300.0,300.0,300.0,300.0,300.0,300.0,300.0,300.0,300.0
SM,Next Day,Joda,75,144.0,213.0,272.0,321.0,372.0,382,436.0,491.0,545.0,600.0,654.0,695.0,695.0,695.0,795.0,795.0,795.0,795.0,795.0,795.0,795.0,795.0,795.0,795.0,795.0
,,McDowells,63.0,126.0,184.0,252.0,284.0,322.0,364.0,445.0,477.0,509.0,540.0,566.0,583.0,600.0,616.0,637.0,651.0,670.0,688.0,706.0,779.0,779.0,779.0,779.0,779.0,779.0
,Economy,Joda,67,131.0,193.0,253.0,276.0,333.0,382,436.0,491.0,545.0,600.0,654.0,695.0,695.0,695.0,795.0,795.0,795.0,795.0,795.0,795.0,795.0,795.0,795.0,795.0,795.0
,,McDowells,60.0,118.0,175.0,227.0,263.0,300.0,300.0,300.0,300.0,300.0,300.0,300.0,300.0,300.0,300.0,300.0,300.0,300.0,300.0,300.0,300.0,300.0,300.0,300.0,300.0,300.0
SS,Next Day,Joda,66,127.0,189.0,244.0,268.0,317.0,349,399.0,449.0,498.0,548.0,598.0,648.0,672.0,672.0,738.0,738.0,738.0,738.0,738.0,738.0,738.0,738.0,738.0,738.0,738.0
,,McDowells,63.0,126.0,184.0,252.0,284.0,322.0,364.0,445.0,477.0,509.0,540.0,566.0,583.0,600.0,616.0,637.0,651.0,670.0,688.0,706.0,779.0,779.0,779.0,779.0,779.0,779.0
,Economy,Joda,55,104.0,153.0,201.0,219.0,260.0,349,399.0,449.0,498.0,548.0,598.0,648.0,672.0,672.0,738.0,738.0,738.0,738.0,738.0,738.0,738.0,738.0,738.0,738.0,738.0
,,McDowells,60.0,118.0,175.0,227.0,263.0,300.0,300.0,300.0,300.0,300.0,300.0,300.0,300.0,300.0,300.0,300.0,300.0,300.0,300.0,300.0,300.0,300.0,300.0,300.0,300.0,300.0
TA,Next Day,Joda,70,132.0,196.0,256.0,283.0,332.0,349,399.0,449.0,498.0,548.0,598.0,648.0,698.0,748.0,803.0,803.0,803.0,803.0,803.0,803.0,803.0,803.0,803.0,803.0,803.0
,,McDowells,77.0,148.0,216.0,286.0,337.0,387.0,437.0,492.0,526.0,558.0,602.0,644.0,685.0,727.0,768.0,810.0,851.0,893.0,934.0,955.0,971.0,971.0,971.0,971.0,971.0,971.0
,Economy,Joda,57,107.0,157.0,208.0,225.0,269.0,349,399.0,449.0,498.0,548.0,598.0,648.0,698.0,748.0,803.0,803.0,803.0,803.0,803.0,803.0,803.0,803.0,803.0,803.0,803.0
,,McDowells,61.0,122.0,183.0,244.0,291.0,349.0,349.0,349.0,349.0,349.0,349.0,349.0,349.0,349.0,349.0,349.0,349.0,349.0,349.0,349.0,349.0,349.0,349.0,349.0,349.0,349.0
TW,Next Day,Joda,69,132.0,196.0,253.0,280.0,331.0,427,488.0,548.0,610.0,671.0,686.0,702.0,728.0,761.0,795.0,795.0,795.0,795.0,795.0,795.0,795.0,795.0,795.0,795.0,795.0
,,McDowells,63.0,126.0,184.0,252.0,284.0,322.0,364.0,445.0,477.0,509.0,540.0,566.0,583.0,600.0,616.0,637.0,651.0,670.0,688.0,706.0,779.0,779.0,779.0,779.0,779.0,779.0
,Economy,Joda,62,117.0,175.0,231.0,253.0,302.0,427,488.0,548.0,610.0,671.0,686.0,702.0,728.0,761.0,795.0,795.0,795.0,795.0,795.0,795.0,795.0,795.0,795.0,795.0,795.0
,,McDowells,60.0,118.0,175.0,227.0,263.0,300.0,300.0,300.0,300.0,300.0,300.0,300.0,300.0,300.0,300.0,300.0,300.0,300.0,300.0,300.0,300.0,300.0,300.0,300.0,300.0,300.0
UB,Next Day,Joda,69,132.0,196.0,253.0,280.0,331.0,427,488.0,548.0,610.0,671.0,686.0,702.0,728.0,761.0,795.0,795.0,795.0,795.0,795.0,795.0,795.0,795.0,795.0,795.0,795.0
,,McDowells,63.0,126.0,184.0,252.0,284.0,322.0,364.0,445.0,477.0,509.0,540.0,566.0,583.0,600.0,616.0,637.0,651.0,670.0,688.0,706.0,779.0,779.0,779.0,779.0,779.0,779.0
,Economy,Joda,62,117.0,175.0,231.0,253.0,302.0,427,488.0,548.0,610.0,671.0,686.0,702.0,728.0,761.0,795.0,795.0,795.0,795.0,795.0,795.0,795.0,795.0,795.0,795.0,795.0
,,McDowells,60.0,118.0,175.0,227.0,263.0,300.0,300.0,300.0,300.0,300.0,300.0,300.0,300.0,300.0,300.0,300.0,300.0,300.0,300.0,300.0,300.0,300.0,300.0,300.0,300.0,300.0
BH,Next Day,Joda,75,148.0,216.0,284.0,306.0,368.0,387,443.0,498.0,553.0,609.0,664.0,720.0,774.0,830.0,870.0,870.0,870.0,870.0,870.0,870.0,870.0,870.0,870.0,870.0,870.0
,,McDowells,77.0,148.0,216.0,286.0,337.0,387.0,437.0,492.0,526.0,558.0,602.0,644.0,685.0,727.0,768.0,810.0,851.0,893.0,934.0,955.0,971.0,971.0,971.0,971.0,971.0,971.0
,Economy,Joda,63,119.0,175.0,232.0,254.0,301.0,387,443.0,498.0,553.0,609.0,664.0,720.0,774.0,830.0,870.0,870.0,870.0,870.0,870.0,870.0,870.0,870.0,870.0,870.0,870.0
,,McDowells,61.0,122.0,183.0,244.0,291.0,349.0,349.0,349.0,349.0,349.0,349.0,349.0,349.0,349.0,349.0,349.0,349.0,349.0,349.0,349.0,349.0,349.0,349.0,349.0,349.0,349.0
BN,Next Day,Joda,79,155.0,226.0,296.0,310.0,389.0,402,460.0,517.0,575.0,631.0,689.0,746.0,804.0,862.0,870.0,870.0,870.0,870.0,870.0,870.0,870.0,870.0,870.0,870.0,870.0
,,McDowells,77.0,148.0,216.0,286.0,337.0,387.0,437.0,492.0,526.0,558.0,602.0,644.0,685.0,727.0,768.0,810.0,851.0,893.0,934.0,955.0,971.0,971.0,971.0,971.0,971.0,971.0
,Economy,Joda,65,125.0,183.0,242.0,270.0,322.0,402,460.0,517.0,575.0,631.0,689.0,746.0,804.0,862.0,870.0,870.0,870.0,870.0,870.0,870.0,870.0,870.0,870.0,870.0,870.0
,,McDowells,61.0,122.0,183.0,244.0,291.0,349.0,349.0,349.0,349.0,349.0,349.0,349.0,349.0,349.0,349.0,349.0,349.0,349.0,349.0,349.0,349.0,349.0,349.0,349.0,349.0,349.0
CT,Next Day,Joda,87,169.0,250.0,328.0,348.0,408.0,467,541.0,633.0,670.0,704.0,769.0,832.0,876.0,876.0,876.0,876.0,876.0,876.0,876.0,876.0,876.0,876.0,876.0,876.0,876.0
,,McDowells,77.0,148.0,216.0,286.0,337.0,387.0,437.0,492.0,526.0,558.0,602.0,644.0,685.0,727.0,768.0,810.0,851.0,893.0,934.0,955.0,971.0,971.0,971.0,971.0,971.0,971.0
,Economy,Joda,76,149.0,220.0,287.0,303.0,361.0,467,541.0,633.0,670.0,704.0,769.0,832.0,876.0,876.0,876.0,876.0,876.0,876.0,876.0,876.0,876.0,876.0,876.0,876.0,876.0
,,McDowells,61.0,122.0,183.0,244.0,291.0,349.0,349.0,349.0,349.0,349.0,349.0,349.0,349.0,349.0,349.0,349.0,349.0,349.0,349.0,349.0,349.0,349.0,349.0,349.0,349.0,349.0
DT,Next Day,Joda,75,147.0,215.0,283.0,305.0,360.0,387,443.0,498.0,553.0,609.0,664.0,720.0,774.0,830.0,950.0,950.0,950.0,950.0,950.0,950.0,950.0,950.0,950.0,950.0,950.0
,,McDowells,77.0,148.0,216.0,286.0,337.0,387.0,437.0,492.0,526.0,558.0,602.0,644.0,685.0,727.0,768.0,810.0,851.0,893.0,934.0,955.0,971.0,971.0,971.0,971.0,971.0,971.0
,Economy,Joda,64,120.0,177.0,234.0,258.0,303.0,387,443.0,498.0,553.0,609.0,664.0,720.0,774.0,830.0,950.0,950.0,950.0,950.0,950.0,950.0,950.0,950.0,950.0,950.0,950.0
,,McDowells,61.0,122.0,183.0,244.0,291.0,349.0,349.0,349.0,349.0,349.0,349.0,349.0,349.0,349.0,349.0,349.0,349.0,349.0,349.0,349.0,349.0,349.0,349.0,349.0,349.0,349.0
LA 1-10,Next Day,Joda,59,112.0,167.0,220.0,231.0,273.0,318,332.0,347.0,359.0,370.0,386.0,375.0,375.0,375.0,455.0,455.0,455.0,455.0,455.0,455.0,455.0,455.0,455.0,455.0,455.0
,,McDowells,58.0,116.0,174.0,221.0,253.0,284.0,306.0,354.0,381.0,406.0,415.0,420.0,426.0,431.0,436.0,441.0,446.0,452.0,457.0,467.0,476.0,476.0,476.0,476.0,476.0,476.0
,Economy,Joda,52,102.0,150.0,197.0,209.0,246.0,318,332.0,347.0,359.0,370.0,386.0,375.0,375.0,375.0,455.0,455.0,455.0,455.0,455.0,455.0,455.0,455.0,455.0,455.0,455.0
,,McDowells,50.0,100.0,150.0,188.0,215.0,234.0,234.0,234.0,234.0,234.0,234.0,234.0,234.0,234.0,234.0,234.0,234.0,234.0,234.0,234.0,234.0,234.0,234.0,234.0,234.0,234.0
LA 11 +,Next Day,Joda,82,165.0,243.0,317.0,332.0,392.0,391,396.0,402.0,418.0,428.0,445.0,445.0,445.0,445.0,511.0,511.0,511.0,511.0,511.0,511.0,511.0,511.0,511.0,511.0,511.0
,,McDowells,58.0,116.0,174.0,221.0,253.0,284.0,306.0,354.0,381.0,406.0,415.0,420.0,426.0,431.0,436.0,441.0,446.0,452.0,457.0,467.0,476.0,476.0,476.0,476.0,476.0,476.0
,Economy,Joda,76,149.0,215.0,285.0,297.0,358.0,391,396.0,402.0,418.0,428.0,445.0,445.0,445.0,445.0,511.0,511.0,511.0,511.0,511.0,511.0,511.0,511.0,511.0,511.0,511.0
,,McDowells,50.0,100.0,150.0,188.0,215.0,234.0,234.0,234.0,234.0,234.0,234.0,234.0,234.0,234.0,234.0,234.0,234.0,234.0,234.0,234.0,234.0,234.0,234.0,234.0,234.0,234.0
PO1-29,Next Day,Joda,66,127.0,189.0,244.0,268.0,317.0,349,399.0,449.0,498.0,548.0,598.0,648.0,698.0,748.0,875.0,875.0,875.0,875.0,875.0,875.0,875.0,875.0,875.0,875.0,875.0
,,McDowells,77.0,148.0,216.0,286.0,337.0,387.0,437.0,492.0,526.0,558.0,602.0,644.0,685.0,727.0,768.0,810.0,851.0,893.0,934.0,955.0,971.0,971.0,971.0,971.0,971.0,971.0
,Economy,Joda,55,104.0,153.0,201.0,219.0,260.0,349,399.0,449.0,498.0,548.0,598.0,648.0,698.0,748.0,875.0,875.0,875.0,875.0,875.0,875.0,875.0,875.0,875.0,875.0,875.0
,,McDowells,61.0,122.0,183.0,244.0,291.0,349.0,349.0,349.0,349.0,349.0,349.0,349.0,349.0,349.0,349.0,349.0,349.0,349.0,349.0,349.0,349.0,349.0,349.0,349.0,349.0,349.0
PO 30-41,Next Day,Joda,105,200.0,292.0,385.0,455.0,547.0,On request,,,,,,,,,,,,,,,,,,,
,,McDowells,77.0,148.0,216.0,286.0,337.0,387.0,437.0,492.0,526.0,558.0,602.0,644.0,685.0,727.0,768.0,810.0,851.0,893.0,934.0,955.0,971.0,971.0,971.0,971.0,971.0,971.0
,Economy,Joda,93,168.0,234.0,313.0,393.0,456.0,On request,,,,,,,,,,,,,,,,,,,
,,McDowells,61.0,122.0,183.0,244.0,291.0,349.0,349.0,349.0,349.0,349.0,349.0,349.0,349.0,349.0,349.0,349.0,349.0,349.0,349.0,349.0,349.0,349.0,349.0,349.0,349.0,349.0
SO ,Next Day,Joda,66,127.0,189.0,244.0,268.0,317.0,349,399.0,449.0,498.0,548.0,598.0,648.0,698.0,748.0,850.0,850.0,850.0,850.0,850.0,850.0,850.0,850.0,850.0,850.0,850.0
,,McDowells,77.0,148.0,216.0,286.0,337.0,387.0,437.0,492.0,526.0,558.0,602.0,644.0,685.0,727.0,768.0,810.0,851.0,893.0,934.0,955.0,971.0,971.0,971.0,971.0,971.0,971.0
,Economy,Joda,55,104.0,153.0,201.0,219.0,260.0,349,399.0,449.0,498.0,548.0,598.0,648.0,698.0,748.0,850.0,850.0,850.0,850.0,850.0,850.0,850.0,850.0,850.0,850.0,850.0
,,McDowells,61.0,122.0,183.0,244.0,291.0,349.0,349.0,349.0,349.0,349.0,349.0,349.0,349.0,349.0,349.0,349.0,349.0,349.0,349.0,349.0,349.0,349.0,349.0,349.0,349.0,349.0
TA,Next Day,Joda,70,132.0,196.0,256.0,283.0,332.0,349,399.0,449.0,498.0,548.0,598.0,648.0,698.0,748.0,803.0,803.0,803.0,803.0,803.0,803.0,803.0,803.0,803.0,803.0,803.0
,,McDowells,77.0,148.0,216.0,286.0,337.0,387.0,437.0,492.0,526.0,558.0,602.0,644.0,685.0,727.0,768.0,810.0,851.0,893.0,934.0,955.0,971.0,971.0,971.0,971.0,971.0,971.0
,Economy,Joda,57,107.0,157.0,208.0,225.0,269.0,349,399.0,449.0,498.0,548.0,598.0,648.0,698.0,748.0,803.0,803.0,803.0,803.0,803.0,803.0,803.0,803.0,803.0,803.0,803.0
,,McDowells,61.0,122.0,183.0,244.0,291.0,349.0,349.0,349.0,349.0,349.0,349.0,349.0,349.0,349.0,349.0,349.0,349.0,349.0,349.0,349.0,349.0,349.0,349.0,349.0,349.0,349.0
"TN 4-7,
16,23,24,27",Next Day,Joda,78,150.0,222.0,291.0,316.0,375.0,402,460.0,517.0,575.0,631.0,689.0,730.0,730.0,730.0,852.0,852.0,852.0,852.0,852.0,852.0,852.0,852.0,852.0,852.0,852.0
,,McDowells,77.0,148.0,216.0,286.0,337.0,387.0,437.0,492.0,526.0,558.0,602.0,644.0,685.0,727.0,768.0,810.0,851.0,893.0,934.0,955.0,971.0,971.0,971.0,971.0,971.0,971.0
,Economy,Joda,65,125.0,183.0,242.0,270.0,320.0,402,460.0,517.0,575.0,631.0,689.0,730.0,730.0,730.0,852.0,852.0,852.0,852.0,852.0,852.0,852.0,852.0,852.0,852.0,852.0
,,McDowells,61.0,122.0,183.0,244.0,291.0,349.0,349.0,349.0,349.0,349.0,349.0,349.0,349.0,349.0,349.0,349.0,349.0,349.0,349.0,349.0,349.0,349.0,349.0,349.0,349.0,349.0
TN (All others),Next Day,Joda,78,150.0,222.0,291.0,316.0,375.0,402,460.0,517.0,575.0,631.0,689.0,730.0,730.0,730.0,852.0,852.0,852.0,852.0,852.0,852.0,852.0,852.0,852.0,852.0,852.0
,,McDowells,77.0,148.0,216.0,286.0,337.0,387.0,437.0,492.0,526.0,558.0,602.0,644.0,685.0,727.0,768.0,810.0,851.0,893.0,934.0,955.0,971.0,971.0,971.0,971.0,971.0,971.0
,Economy,Joda,65,125.0,183.0,242.0,270.0,320.0,402,460.0,517.0,575.0,631.0,689.0,730.0,730.0,730.0,852.0,852.0,852.0,852.0,852.0,852.0,852.0,852.0,852.0,852.0,852.0
,,McDowells,61.0,122.0,183.0,244.0,291.0,349.0,349.0,349.0,349.0,349.0,349.0,349.0,349.0,349.0,349.0,349.0,349.0,349.0,349.0,349.0,349.0,349.0,349.0,349.0,349.0,349.0
CA,Next Day,Joda,87,169.0,250.0,328.0,348.0,405.0,449,512.0,576.0,614.0,614.0,614.0,614.0,614.0,614.0,625.0,625.0,625.0,625.0,625.0,625.0,625.0,625.0,625.0,625.0,625.0
,,McDowells,79.0,160.0,235.0,313.0,322.0,327.0,337.0,363.0,374.0,384.0,394.0,405.0,415.0,426.0,436.0,436.0,441.0,452.0,460.0,460.0,460.0,460.0,460.0,460.0,460.0,460.0
,Economy,Joda,76,149.0,220.0,287.0,303.0,361.0,449,512.0,576.0,614.0,614.0,614.0,614.0,614.0,614.0,625.0,625.0,625.0,625.0,625.0,625.0,625.0,625.0,625.0,625.0,625.0
,,McDowells,73.0,146.0,212.0,281.0,301.0,306.0,306.0,306.0,306.0,306.0,306.0,306.0,306.0,306.0,306.0,306.0,306.0,306.0,306.0,306.0,306.0,306.0,306.0,306.0,306.0,306.0
EC,Next Day,Joda,82,160.0,235.0,307.0,327.0,378.0,427,488.0,548.0,610.0,671.0,695.0,695.0,695.0,695.0,795.0,795.0,795.0,795.0,795.0,795.0,795.0,795.0,795.0,795.0,795.0
,,McDowells,83.0,166.0,245.0,323.0,386.0,445.0,502.0,517.0,564.0,597.0,607.0,618.0,633.0,649.0,664.0,675.0,685.0,695.0,706.0,711.0,716.0,716.0,716.0,716.0,716.0,716.0
,Economy,Joda,71,140.0,201.0,267.0,291.0,349.0,427,488.0,548.0,610.0,671.0,695.0,695.0,695.0,695.0,795.0,795.0,795.0,795.0,795.0,795.0,795.0,795.0,795.0,795.0,795.0
,,McDowells,78.0,151.0,222.0,291.0,344.0,397.0,397.0,397.0,397.0,397.0,397.0,397.0,397.0,397.0,397.0,397.0,397.0,397.0,397.0,397.0,397.0,397.0,397.0,397.0,397.0,397.0
EH,Next Day,Joda,84,164.0,246.0,297.0,347.0,403.0,434,530.0,636.0,636.0,657.0,689.0,725.0,795.0,795.0,795.0,795.0,795.0,795.0,795.0,795.0,795.0,795.0,795.0,795.0,795.0
,,McDowells,85.0,170.0,245.0,323.0,332.0,343.0,374.0,436.0,457.0,488.0,540.0,571.0,602.0,623.0,654.0,685.0,716.0,737.0,758.0,779.0,779.0,779.0,779.0,779.0,779.0,779.0
,Economy,Joda,73,138.0,207.0,274.0,314.0,365.0,434,530.0,636.0,636.0,657.0,689.0,725.0,795.0,795.0,795.0,795.0,795.0,795.0,795.0,795.0,795.0,795.0,795.0,795.0,795.0
,,McDowells,78.0,151.0,222.0,291.0,311.0,322.0,322.0,322.0,322.0,322.0,322.0,322.0,322.0,322.0,322.0,322.0,322.0,322.0,322.0,322.0,322.0,322.0,322.0,322.0,322.0,322.0
EX,Next Day,Joda,79,155.0,223.0,296.0,310.0,383.0,402,460.0,517.0,575.0,631.0,689.0,746.0,804.0,862.0,1079.0,1079.0,1079.0,1079.0,1079.0,1079.0,1079.0,1079.0,1079.0,1079.0,1079.0
,,McDowells,93.0,183.0,269.0,351.0,422.0,486.0,552.0,618.0,683.0,716.0,779.0,882.0,986.0,986.0,986.0,986.0,986.0,986.0,986.0,986.0,986.0,986.0,986.0,986.0,986.0,986.0
,Economy,Joda,65,125.0,183.0,242.0,270.0,320.0,402,460.0,517.0,575.0,631.0,689.0,746.0,804.0,862.0,1079.0,1079.0,1079.0,1079.0,1079.0,1079.0,1079.0,1079.0,1079.0,1079.0,1079.0
,,McDowells,77.0,154.0,231.0,297.0,372.0,429.0,429.0,429.0,429.0,429.0,429.0,429.0,429.0,429.0,429.0,429.0,429.0,429.0,429.0,429.0,429.0,429.0,429.0,429.0,429.0,429.0
FK,Next Day,Joda,84,164.0,246.0,297.0,347.0,403.0,434,495.0,557.0,619.0,681.0,743.0,750.0,750.0,750.0,775.0,775.0,775.0,775.0,775.0,775.0,775.0,775.0,775.0,775.0,775.0
,,McDowells,85.0,170.0,245.0,323.0,386.0,445.0,502.0,519.0,564.0,597.0,623.0,637.0,658.0,684.0,705.0,727.0,749.0,779.0,830.0,882.0,882.0,882.0,882.0,882.0,882.0,882.0
,Economy,Joda,73,138.0,207.0,274.0,314.0,365.0,434,495.0,557.0,619.0,681.0,743.0,750.0,750.0,750.0,775.0,775.0,775.0,775.0,775.0,775.0,775.0,775.0,775.0,775.0,775.0
,,McDowells,78.0,151.0,222.0,291.0,348.0,368.0,368.0,368.0,368.0,368.0,368.0,368.0,368.0,368.0,368.0,368.0,368.0,368.0,368.0,368.0,368.0,368.0,368.0,368.0,368.0,368.0
G,Next Day,Joda,84,164.0,246.0,297.0,347.0,403.0,434,495.0,557.0,619.0,681.0,743.0,750.0,750.0,750.0,775.0,775.0,775.0,775.0,775.0,775.0,775.0,775.0,775.0,775.0,775.0
,,McDowells,85.0,170.0,245.0,323.0,332.0,343.0,374.0,436.0,457.0,488.0,540.0,571.0,602.0,623.0,654.0,685.0,716.0,737.0,758.0,779.0,779.0,779.0,779.0,779.0,779.0,779.0
,Economy,Joda,73,138.0,207.0,274.0,314.0,365.0,434,495.0,557.0,619.0,681.0,743.0,750.0,750.0,750.0,775.0,775.0,775.0,775.0,775.0,775.0,775.0,775.0,775.0,775.0,775.0
,,McDowells,78.0,151.0,222.0,291.0,311.0,322.0,322.0,322.0,322.0,322.0,322.0,322.0,322.0,322.0,322.0,322.0,322.0,322.0,322.0,322.0,322.0,322.0,322.0,322.0,322.0,322.0
KA1-26 & 29,Next Day,Joda,83,159.0,235.0,297.0,347.0,403.0,434,495.0,557.0,619.0,681.0,743.0,750.0,750.0,750.0,750.0,750.0,750.0,750.0,750.0,750.0,750.0,750.0,750.0,750.0,750.0
,,McDowells,85.0,170.0,245.0,323.0,332.0,343.0,374.0,436.0,457.0,488.0,540.0,571.0,602.0,623.0,654.0,685.0,716.0,737.0,758.0,779.0,779.0,779.0,779.0,779.0,779.0,779.0
,Economy,Joda,73,140.0,207.0,274.0,314.0,376.0,434,495.0,557.0,619.0,681.0,743.0,750.0,750.0,750.0,750.0,750.0,750.0,750.0,750.0,750.0,750.0,750.0,750.0,750.0,750.0
,,McDowells,78.0,151.0,222.0,291.0,311.0,322.0,322.0,322.0,322.0,322.0,322.0,322.0,322.0,322.0,322.0,322.0,322.0,322.0,322.0,322.0,322.0,322.0,322.0,322.0,322.0,322.0
KA27 - 28,Next Day,Joda,,,,,,,,,,,,,,,,,,,,,,,,,,
,,McDowells,85.0,170.0,245.0,323.0,332.0,343.0,374.0,436.0,457.0,488.0,540.0,571.0,602.0,623.0,654.0,685.0,716.0,737.0,758.0,779.0,779.0,779.0,779.0,779.0,779.0,779.0
,Economy,Joda,167,282.0,393.0,493.0,511.0,592.0,,,,,,,,,,,,,,,,,,,,
,,McDowells,78.0,151.0,222.0,291.0,311.0,322.0,322.0,322.0,322.0,322.0,322.0,322.0,322.0,322.0,322.0,322.0,322.0,322.0,322.0,322.0,322.0,322.0,322.0,322.0,322.0,322.0
KY 11 - 12,Next Day,Joda,81,160.0,239.0,288.0,337.0,392.0,421,481.0,542.0,602.0,662.0,722.0,782.0,843.0,850.0,850.0,850.0,850.0,850.0,850.0,850.0,850.0,850.0,850.0,850.0,850.0
,,McDowells,85.0,170.0,245.0,323.0,386.0,445.0,502.0,519.0,564.0,597.0,623.0,637.0,658.0,684.0,705.0,727.0,749.0,779.0,830.0,882.0,882.0,882.0,882.0,882.0,882.0,882.0
,Economy,Joda,71,134.0,201.0,267.0,305.0,355.0,421,481.0,542.0,602.0,662.0,722.0,782.0,843.0,850.0,850.0,850.0,850.0,850.0,850.0,850.0,850.0,850.0,850.0,850.0,850.0
,,McDowells,78.0,151.0,222.0,291.0,348.0,368.0,368.0,368.0,368.0,368.0,368.0,368.0,368.0,368.0,368.0,368.0,368.0,368.0,368.0,368.0,368.0,368.0,368.0,368.0,368.0,368.0
KY 1 - 10 & 13+,Next Day,Joda,81,160.0,239.0,288.0,337.0,392.0,421,481.0,542.0,602.0,662.0,722.0,782.0,843.0,850.0,850.0,850.0,850.0,850.0,850.0,850.0,850.0,850.0,850.0,850.0,850.0
,,McDowells,85.0,170.0,245.0,323.0,386.0,445.0,502.0,519.0,564.0,597.0,623.0,637.0,658.0,684.0,705.0,727.0,749.0,779.0,830.0,882.0,882.0,882.0,882.0,882.0,882.0,882.0
,Economy,Joda,71,134.0,201.0,267.0,305.0,355.0,421,481.0,542.0,602.0,662.0,722.0,782.0,843.0,850.0,850.0,850.0,850.0,850.0,850.0,850.0,850.0,850.0,850.0,850.0,850.0
,,McDowells,78.0,151.0,222.0,291.0,348.0,368.0,368.0,368.0,368.0,368.0,368.0,368.0,368.0,368.0,368.0,368.0,368.0,368.0,368.0,368.0,368.0,368.0,368.0,368.0,368.0,368.0
LD,Next Day,Joda,79,155.0,223.0,296.0,310.0,383.0,402,460.0,517.0,575.0,631.0,689.0,746.0,750.0,750.0,775.0,775.0,775.0,775.0,775.0,775.0,775.0,775.0,775.0,775.0,775.0
,,McDowells,58.0,116.0,174.0,221.0,253.0,284.0,349.0,415.0,426.0,436.0,446.0,457.0,467.0,477.0,488.0,498.0,509.0,519.0,519.0,519.0,519.0,519.0,519.0,519.0,519.0,519.0
,Economy,Joda,65,125.0,183.0,242.0,270.0,320.0,402,460.0,517.0,575.0,631.0,689.0,746.0,750.0,750.0,775.0,775.0,775.0,775.0,775.0,775.0,775.0,775.0,775.0,775.0,775.0
,,McDowells,52.0,104.0,156.0,202.0,225.0,262.0,262.0,262.0,262.0,262.0,262.0,262.0,262.0,262.0,262.0,262.0,262.0,262.0,262.0,262.0,262.0,262.0,262.0,262.0,262.0,262.0
ML,Next Day,Joda,84,166.0,246.0,324.0,347.0,403.0,462,527.0,592.0,659.0,681.0,743.0,750.0,750.0,750.0,775.0,775.0,775.0,775.0,775.0,775.0,775.0,775.0,775.0,775.0,775.0
,,McDowells,85.0,170.0,245.0,323.0,332.0,343.0,374.0,436.0,457.0,488.0,540.0,571.0,602.0,623.0,654.0,685.0,716.0,737.0,758.0,779.0,779.0,779.0,779.0,779.0,779.0,779.0
,Economy,Joda,75,148.0,216.0,283.0,309.0,365.0,462,527.0,592.0,659.0,681.0,743.0,750.0,750.0,750.0,775.0,775.0,775.0,775.0,775.0,775.0,775.0,775.0,775.0,775.0,775.0
,,McDowells,78.0,151.0,222.0,291.0,311.0,322.0,322.0,322.0,322.0,322.0,322.0,322.0,322.0,322.0,322.0,322.0,322.0,322.0,322.0,322.0,322.0,322.0,322.0,322.0,322.0,322.0
N,Next Day,Joda,82,160.0,235.0,307.0,327.0,389.0,427,488.0,548.0,610.0,671.0,672.0,672.0,672.0,672.0,795.0,795.0,795.0,795.0,795.0,795.0,795.0,795.0,795.0,795.0,795.0
,,McDowells,83.0,166.0,245.0,323.0,386.0,445.0,502.0,517.0,564.0,597.0,607.0,618.0,633.0,649.0,664.0,675.0,685.0,695.0,706.0,711.0,716.0,716.0,716.0,716.0,716.0,716.0
,Economy,Joda,71,137.0,201.0,267.0,291.0,349.0,427,488.0,548.0,610.0,671.0,672.0,672.0,672.0,672.0,795.0,795.0,795.0,795.0,795.0,795.0,795.0,795.0,795.0,795.0,795.0
,,McDowells,78.0,151.0,222.0,291.0,344.0,397.0,397.0,397.0,397.0,397.0,397.0,397.0,397.0,397.0,397.0,397.0,397.0,397.0,397.0,397.0,397.0,397.0,397.0,397.0,397.0,397.0
NW,Next Day,Joda,82,160.0,235.0,307.0,327.0,378.0,427,488.0,548.0,610.0,671.0,695.0,695.0,695.0,695.0,795.0,795.0,795.0,795.0,795.0,795.0,795.0,795.0,795.0,795.0,795.0
,,McDowells,83.0,166.0,245.0,323.0,386.0,445.0,502.0,517.0,564.0,597.0,607.0,618.0,633.0,649.0,664.0,675.0,685.0,695.0,706.0,711.0,716.0,716.0,716.0,716.0,716.0,716.0
,Economy,Joda,71,140.0,201.0,267.0,291.0,349.0,427,488.0,548.0,610.0,671.0,695.0,695.0,695.0,695.0,795.0,795.0,795.0,795.0,795.0,795.0,795.0,795.0,795.0,795.0,795.0
,,McDowells,78.0,151.0,222.0,291.0,344.0,397.0,397.0,397.0,397.0,397.0,397.0,397.0,397.0,397.0,397.0,397.0,397.0,397.0,397.0,397.0,397.0,397.0,397.0,397.0,397.0,397.0
PA1-19,Next Day,Joda,84,173.0,257.0,308.0,347.0,403.0,434,495.0,557.0,619.0,681.0,743.0,805.0,867.0,902.0,937.0,937.0,937.0,937.0,937.0,937.0,937.0,937.0,937.0,937.0,937.0
,,McDowells,85.0,170.0,245.0,323.0,386.0,445.0,502.0,519.0,564.0,597.0,623.0,637.0,658.0,684.0,705.0,727.0,749.0,779.0,830.0,882.0,882.0,882.0,882.0,882.0,882.0,882.0
,Economy,Joda,73,138.0,207.0,274.0,314.0,365.0,434,495.0,557.0,619.0,681.0,743.0,805.0,867.0,902.0,937.0,937.0,937.0,937.0,937.0,937.0,937.0,937.0,937.0,937.0,937.0
,,McDowells,78.0,151.0,222.0,291.0,348.0,368.0,368.0,368.0,368.0,368.0,368.0,368.0,368.0,368.0,368.0,368.0,368.0,368.0,368.0,368.0,368.0,368.0,368.0,368.0,368.0,368.0
PA 20+,Next Day,Joda,On request,,,,,,,,,,,,,,,,,,,,,,,,,
,,McDowells,170.0,340.0,395.0,497.0,618.0,618.0,618.0,618.0,618.0,618.0,618.0,618.0,618.0,618.0,618.0,618.0,618.0,618.0,618.0,618.0,618.0,618.0,618.0,618.0,618.0,618.0
,Economy,Joda,On request,,,,,,,,,,,,,,,,,,,,,,,,,
,,McDowells,136.0,272.0,372.0,475.0,592.0,592.0,592.0,592.0,592.0,592.0,592.0,592.0,592.0,592.0,592.0,592.0,592.0,592.0,592.0,592.0,592.0,592.0,592.0,592.0,592.0,592.0
SE,Next Day,Joda,82,160.0,235.0,307.0,327.0,378.0,427,488.0,548.0,610.0,671.0,695.0,695.0,695.0,695.0,795.0,795.0,795.0,795.0,795.0,795.0,795.0,795.0,795.0,795.0,795.0
,,McDowells,83.0,166.0,245.0,323.0,386.0,445.0,502.0,517.0,564.0,597.0,607.0,618.0,633.0,649.0,664.0,675.0,685.0,695.0,706.0,711.0,716.0,716.0,716.0,716.0,716.0,716.0
,Economy,Joda,71,160.0,201.0,267.0,291.0,349.0,427,488.0,548.0,610.0,671.0,695.0,695.0,695.0,695.0,795.0,795.0,795.0,795.0,795.0,795.0,795.0,795.0,795.0,795.0,795.0
,,McDowells,78.0,151.0,222.0,291.0,344.0,397.0,397.0,397.0,397.0,397.0,397.0,397.0,397.0,397.0,397.0,397.0,397.0,397.0,397.0,397.0,397.0,397.0,397.0,397.0,397.0,397.0
SW,Next Day,Joda,82,160.0,235.0,307.0,327.0,378.0,427,488.0,548.0,610.0,671.0,695.0,695.0,695.0,695.0,795.0,795.0,795.0,795.0,795.0,795.0,795.0,795.0,795.0,795.0,795.0
,,McDowells,83.0,166.0,245.0,323.0,386.0,445.0,502.0,517.0,564.0,597.0,607.0,618.0,633.0,649.0,664.0,675.0,685.0,695.0,706.0,711.0,716.0,716.0,716.0,716.0,716.0,716.0
,Economy,Joda,71,160.0,201.0,267.0,291.0,349.0,427,488.0,548.0,610.0,671.0,695.0,695.0,695.0,695.0,795.0,795.0,795.0,795.0,795.0,795.0,795.0,795.0,795.0,795.0,795.0
,,McDowells,78.0,151.0,222.0,291.0,344.0,397.0,397.0,397.0,397.0,397.0,397.0,397.0,397.0,397.0,397.0,397.0,397.0,397.0,397.0,397.0,397.0,397.0,397.0,397.0,397.0,397.0
SY 1-2,Next Day,Joda,85,169.0,247.0,322.0,337.0,403.0,449,512.0,556.0,562.0,578.0,595.0,611.0,621.0,637.0,664.0,664.0,664.0,664.0,664.0,664.0,664.0,664.0,664.0,664.0,664.0
,,McDowells,58.0,116.0,174.0,221.0,253.0,284.0,306.0,354.0,381.0,406.0,415.0,420.0,426.0,431.0,436.0,441.0,446.0,452.0,457.0,467.0,476.0,476.0,476.0,476.0,476.0,476.0
,Economy,Joda,76,149.0,220.0,287.0,301.0,361.0,449,512.0,556.0,562.0,578.0,595.0,611.0,621.0,637.0,664.0,664.0,664.0,664.0,664.0,664.0,664.0,664.0,664.0,664.0,664.0
,,McDowells,50.0,100.0,150.0,188.0,215.0,234.0,234.0,234.0,234.0,234.0,234.0,234.0,234.0,234.0,234.0,234.0,234.0,234.0,234.0,234.0,234.0,234.0,234.0,234.0,234.0,234.0
SY(All Others),Next Day,Joda,87,171.0,251.0,326.0,348.0,403.0,449,512.0,576.0,637.0,637.0,637.0,637.0,637.0,637.0,738.0,738.0,738.0,738.0,738.0,738.0,738.0,738.0,738.0,738.0,738.0
,,McDowells,58.0,116.0,174.0,221.0,253.0,284.0,306.0,354.0,381.0,406.0,415.0,420.0,426.0,431.0,436.0,441.0,446.0,452.0,457.0,467.0,476.0,476.0,476.0,476.0,476.0,476.0
,Economy,Joda,76,149.0,220.0,287.0,301.0,361.0,449,512.0,576.0,637.0,637.0,637.0,637.0,637.0,637.0,738.0,738.0,738.0,738.0,738.0,738.0,738.0,738.0,738.0,738.0,738.0
,,McDowells,50.0,100.0,150.0,188.0,215.0,234.0,234.0,234.0,234.0,234.0,234.0,234.0,234.0,234.0,234.0,234.0,234.0,234.0,234.0,234.0,234.0,234.0,234.0,234.0,234.0,234.0
TQ,Next Day,Joda,78,150.0,222.0,291.0,316.0,375.0,402,460.0,517.0,575.0,631.0,689.0,746.0,804.0,862.0,1250.0,1250.0,1250.0,1250.0,1250.0,1250.0,1250.0,1250.0,1250.0,1250.0,1250.0
,,McDowells,93.0,183.0,269.0,351.0,422.0,486.0,552.0,618.0,683.0,716.0,779.0,882.0,986.0,986.0,986.0,986.0,986.0,986.0,986.0,986.0,986.0,986.0,986.0,986.0,986.0,986.0
,Economy,Joda,65,125.0,183.0,242.0,270.0,320.0,402,460.0,517.0,575.0,631.0,689.0,746.0,804.0,862.0,1250.0,1250.0,1250.0,1250.0,1250.0,1250.0,1250.0,1250.0,1250.0,1250.0,1250.0
,,McDowells,77.0,154.0,231.0,297.0,372.0,429.0,429.0,429.0,429.0,429.0,429.0,429.0,429.0,429.0,429.0,429.0,429.0,429.0,429.0,429.0,429.0,429.0,429.0,429.0,429.0,429.0
W,Next Day,Joda,82,160.0,235.0,307.0,327.0,378.0,427,488.0,548.0,610.0,671.0,695.0,728.0,744.0,755.0,795.0,795.0,795.0,795.0,795.0,795.0,795.0,795.0,795.0,795.0,795.0
,,McDowells,83.0,166.0,245.0,323.0,386.0,445.0,502.0,517.0,564.0,597.0,607.0,618.0,633.0,649.0,664.0,675.0,685.0,695.0,706.0,711.0,716.0,716.0,716.0,716.0,716.0,716.0
,Economy,Joda,71,160.0,201.0,267.0,291.0,349.0,427,488.0,548.0,610.0,671.0,695.0,728.0,744.0,755.0,795.0,795.0,795.0,795.0,795.0,795.0,795.0,795.0,795.0,795.0,795.0
,,McDowells,78.0,151.0,222.0,291.0,344.0,397.0,397.0,397.0,397.0,397.0,397.0,397.0,397.0,397.0,397.0,397.0,397.0,397.0,397.0,397.0,397.0,397.0,397.0,397.0,397.0,397.0
WC,Next Day,Joda,82,160.0,235.0,307.0,327.0,378.0,427,488.0,548.0,610.0,671.0,686.0,702.0,728.0,761.0,795.0,795.0,795.0,795.0,795.0,795.0,795.0,795.0,795.0,795.0,795.0
,,McDowells,83.0,166.0,245.0,323.0,386.0,445.0,502.0,517.0,564.0,597.0,607.0,618.0,633.0,649.0,664.0,675.0,685.0,695.0,706.0,711.0,716.0,716.0,716.0,716.0,716.0,716.0
,Economy,Joda,71,160.0,201.0,267.0,291.0,349.0,427,488.0,548.0,610.0,671.0,686.0,702.0,728.0,761.0,795.0,795.0,795.0,795.0,795.0,795.0,795.0,795.0,795.0,795.0,795.0
,,McDowells,78.0,151.0,222.0,291.0,344.0,397.0,397.0,397.0,397.0,397.0,397.0,397.0,397.0,397.0,397.0,397.0,397.0,397.0,397.0,397.0,397.0,397.0,397.0,397.0,397.0,397.0
DG,Next Day,Joda,,,,,,,,,,,,,,,,,,,,,,,,,,
,,McDowells,85.0,170.0,245.0,323.0,332.0,343.0,374.0,436.0,457.0,488.0,540.0,571.0,602.0,623.0,654.0,685.0,716.0,737.0,758.0,779.0,779.0,779.0,779.0,779.0,779.0,779.0
,Economy,Joda,,,,,,,,,,,,,,,,,,,,,,,,,,
,,McDowells,78.0,151.0,222.0,291.0,311.0,322.0,322.0,322.0,322.0,322.0,322.0,322.0,322.0,322.0,322.0,322.0,322.0,322.0,322.0,322.0,322.0,322.0,322.0,322.0,322.0,322.0
DG 1-7 & 10-16,Next Day,Joda,87,172.0,252.0,327.0,348.0,416.0,455,520.0,584.0,650.0,714.0,753.0,753.0,753.0,753.0,749.0,749.0,749.0,749.0,749.0,749.0,749.0,749.0,749.0,749.0,749.0
,,McDowells,85.0,170.0,245.0,323.0,332.0,343.0,374.0,436.0,457.0,488.0,540.0,571.0,602.0,623.0,654.0,685.0,716.0,737.0,758.0,779.0,779.0,779.0,779.0,779.0,779.0,779.0
,Economy,Joda,76,150.0,221.0,291.0,301.0,365.0,455,520.0,584.0,650.0,714.0,753.0,753.0,753.0,753.0,749.0,749.0,749.0,749.0,749.0,749.0,749.0,749.0,749.0,749.0,749.0
,,McDowells,78.0,151.0,222.0,291.0,311.0,322.0,322.0,322.0,322.0,322.0,322.0,322.0,322.0,322.0,322.0,322.0,322.0,322.0,322.0,322.0,322.0,322.0,322.0,322.0,322.0,322.0
DG 8-9,Next Day,Joda,87,172.0,252.0,327.0,348.0,416.0,455,520.0,584.0,650.0,714.0,753.0,753.0,753.0,753.0,749.0,749.0,749.0,749.0,749.0,749.0,749.0,749.0,749.0,749.0,749.0
,,McDowells,85.0,170.0,245.0,323.0,332.0,343.0,374.0,436.0,457.0,488.0,540.0,571.0,602.0,623.0,654.0,685.0,716.0,737.0,758.0,779.0,779.0,779.0,779.0,779.0,779.0,779.0
,Economy,Joda,76,150.0,221.0,291.0,301.0,365.0,455,520.0,584.0,650.0,714.0,753.0,753.0,753.0,753.0,749.0,749.0,749.0,749.0,749.0,749.0,749.0,749.0,749.0,749.0,749.0
,,McDowells,78.0,151.0,222.0,291.0,311.0,322.0,322.0,322.0,322.0,322.0,322.0,322.0,322.0,322.0,322.0,322.0,322.0,322.0,322.0,322.0,322.0,322.0,322.0,322.0,322.0,322.0
PL,Next Day,Joda,87,169.0,250.0,328.0,348.0,403.0,449,512.0,576.0,640.0,704.0,769.0,832.0,896.0,961.0,1533.0,1533.0,1533.0,1533.0,1533.0,1533.0,1533.0,1533.0,1533.0,1533.0,1533.0
,,McDowells,93.0,183.0,269.0,351.0,422.0,486.0,552.0,618.0,683.0,716.0,779.0,882.0,986.0,986.0,986.0,986.0,986.0,986.0,986.0,986.0,986.0,986.0,986.0,986.0,986.0,986.0
,Economy,Joda,76,149.0,220.0,287.0,303.0,361.0,449,512.0,576.0,640.0,704.0,769.0,832.0,896.0,961.0,1533.0,1533.0,1533.0,1533.0,1533.0,1533.0,1533.0,1533.0,1533.0,1533.0,1533.0
,,McDowells,77.0,154.0,231.0,297.0,372.0,429.0,429.0,429.0,429.0,429.0,429.0,429.0,429.0,429.0,429.0,429.0,429.0,429.0,429.0,429.0,429.0,429.0,429.0,429.0,429.0,429.0
SA,Next Day,Joda,87,169.0,250.0,326.0,348.0,403.0,449,512.0,576.0,637.0,670.0,695.0,695.0,721.0,773.0,773.0,773.0,773.0,773.0,773.0,773.0,773.0,773.0,773.0,773.0,773.0
,,McDowells,93.0,183.0,269.0,351.0,422.0,486.0,552.0,618.0,683.0,716.0,779.0,882.0,986.0,986.0,986.0,986.0,986.0,986.0,986.0,986.0,986.0,986.0,986.0,986.0,986.0,986.0
,Economy,Joda,76,149.0,220.0,287.0,303.0,361.0,449,512.0,576.0,637.0,670.0,695.0,695.0,721.0,773.0,773.0,773.0,773.0,773.0,773.0,773.0,773.0,773.0,773.0,773.0,773.0
,,McDowells,77.0,154.0,231.0,297.0,372.0,429.0,429.0,429.0,429.0,429.0,429.0,429.0,429.0,429.0,429.0,429.0,429.0,429.0,429.0,429.0,429.0,429.0,429.0,429.0,429.0,429.0
TD,Next Day,Joda,86,169.0,249.0,322.0,343.0,397.0,449,512.0,576.0,640.0,704.0,769.0,778.0,778.0,778.0,778.0,778.0,778.0,778.0,778.0,778.0,778.0,778.0,778.0,778.0,778.0
,,McDowells,85.0,170.0,245.0,323.0,332.0,343.0,374.0,436.0,457.0,488.0,540.0,571.0,602.0,623.0,654.0,685.0,716.0,737.0,758.0,779.0,779.0,779.0,779.0,779.0,779.0,779.0
,Economy,Joda,75,148.0,217.0,287.0,297.0,355.0,449,512.0,576.0,640.0,704.0,769.0,778.0,778.0,778.0,778.0,778.0,778.0,778.0,778.0,778.0,778.0,778.0,778.0,778.0,778.0
,,McDowells,78.0,151.0,222.0,291.0,311.0,322.0,322.0,322.0,322.0,322.0,322.0,322.0,322.0,322.0,322.0,322.0,322.0,322.0,322.0,322.0,322.0,322.0,322.0,322.0,322.0,322.0
TR,Next Day,Joda,86,171.0,252.0,324.0,343.0,403.0,449,512.0,576.0,640.0,704.0,769.0,832.0,896.0,961.0,1646.0,1646.0,1646.0,1646.0,1646.0,1646.0,1646.0,1646.0,1646.0,1646.0,1646.0
,,McDowells,93.0,183.0,269.0,351.0,422.0,486.0,552.0,618.0,683.0,716.0,779.0,882.0,986.0,986.0,986.0,986.0,986.0,986.0,986.0,986.0,986.0,986.0,986.0,986.0,986.0,986.0
,Economy,Joda,77,148.0,221.0,285.0,295.0,365.0,449,512.0,576.0,640.0,704.0,769.0,832.0,896.0,961.0,1646.0,1646.0,1646.0,1646.0,1646.0,1646.0,1646.0,1646.0,1646.0,1646.0,1646.0
,,McDowells,77.0,154.0,231.0,297.0,372.0,429.0,429.0,429.0,429.0,429.0,429.0,429.0,429.0,429.0,429.0,429.0,429.0,429.0,429.0,429.0,429.0,429.0,429.0,429.0,429.0,429.0
E,Next Day,Joda,82,160.0,235.0,307.0,327.0,378.0,427,488.0,548.0,610.0,671.0,695.0,695.0,695.0,695.0,795.0,795.0,795.0,795.0,795.0,795.0,795.0,795.0,795.0,795.0,795.0
,,McDowells,83.0,166.0,245.0,323.0,386.0,445.0,502.0,517.0,564.0,597.0,607.0,618.0,633.0,649.0,664.0,675.0,685.0,695.0,706.0,711.0,716.0,716.0,716.0,716.0,716.0,716.0
,Economy,Joda,71,140.0,201.0,267.0,291.0,349.0,427,488.0,548.0,610.0,671.0,695.0,695.0,695.0,695.0,795.0,795.0,795.0,795.0,795.0,795.0,795.0,795.0,795.0,795.0,795.0
,,McDowells,78.0,151.0,222.0,291.0,344.0,397.0,397.0,397.0,397.0,397.0,397.0,397.0,397.0,397.0,397.0,397.0,397.0,397.0,397.0,397.0,397.0,397.0,397.0,397.0,397.0,397.0
L,Next Day,Joda,59,103.0,151.0,199.0,215.0,255.0,284,318.0,341.0,375.0,386.0,397.0,409.0,420.0,431.0,454.0,454.0,454.0,454.0,454.0,454.0,454.0,454.0,454.0,454.0,454.0
,,McDowells,58.0,116.0,174.0,221.0,253.0,284.0,306.0,354.0,381.0,406.0,415.0,420.0,426.0,431.0,436.0,441.0,446.0,452.0,457.0,467.0,476.0,476.0,476.0,476.0,476.0,476.0
,Economy,Joda,52,92.0,136.0,177.0,196.0,236.0,284,318.0,341.0,375.0,386.0,397.0,409.0,420.0,431.0,454.0,454.0,454.0,454.0,454.0,454.0,454.0,454.0,454.0,454.0,454.0
,,McDowells,50.0,100.0,150.0,188.0,215.0,234.0,234.0,234.0,234.0,234.0,234.0,234.0,234.0,234.0,234.0,234.0,234.0,234.0,234.0,234.0,234.0,234.0,234.0,234.0,234.0,234.0
"PH 1-7, 14",Next Day,Joda,119,237.0,349.0,441.0,477.0,557.0,,,,,,,,,,,,,,,,,,,,
,,McDowells,170.0,340.0,395.0,497.0,618.0,618.0,618.0,618.0,618.0,618.0,618.0,618.0,618.0,618.0,618.0,618.0,618.0,618.0,618.0,618.0,618.0,618.0,618.0,618.0,618.0,618.0
,Economy,Joda,98,195.0,285.0,373.0,388.0,460.0,,,,,,,,,,,,,,,,,,,,
,,McDowells,136.0,272.0,372.0,475.0,592.0,592.0,592.0,592.0,592.0,592.0,592.0,592.0,592.0,592.0,592.0,592.0,592.0,592.0,592.0,592.0,592.0,592.0,592.0,592.0,592.0,592.0
PH 8-13,Next Day,Joda,123,241.0,355.0,456.0,487.0,569.0,,,,,,,,,,,,,,,,,,,,
,,McDowells,170.0,340.0,395.0,497.0,618.0,618.0,618.0,618.0,618.0,618.0,618.0,618.0,618.0,618.0,618.0,618.0,618.0,618.0,618.0,618.0,618.0,618.0,618.0,618.0,618.0,618.0
,Economy,Joda,117,232.0,343.0,443.0,461.0,542.0,,,,,,,,,,,,,,,,,,,,
,,McDowells,136.0,272.0,372.0,475.0,592.0,592.0,592.0,592.0,592.0,592.0,592.0,592.0,592.0,592.0,592.0,592.0,592.0,592.0,592.0,592.0,592.0,592.0,592.0,592.0,592.0,592.0
PH 15+,Next Day,Joda,,,,,,,,,,,,,,,,,,,,,,,,,,
,,McDowells,170.0,340.0,395.0,497.0,618.0,618.0,618.0,618.0,618.0,618.0,618.0,618.0,618.0,618.0,618.0,618.0,618.0,618.0,618.0,618.0,618.0,618.0,618.0,618.0,618.0,618.0
,Economy,Joda,167,282.0,393.0,493.0,511.0,592.0,,,,,,,,,,,,,,,,,,,,
,,McDowells,136.0,272.0,372.0,475.0,592.0,592.0,592.0,592.0,592.0,592.0,592.0,592.0,592.0,592.0,592.0,592.0,592.0,592.0,592.0,592.0,592.0,592.0,592.0,592.0,592.0,592.0
DE24 8SW,Full Vehicle,McDowells,446.0,,,,,,,,,,,,,,,,,,,,,,,,,
CA10 1NB,Full Vehicle,McDowells,460.0,,,,,,,,,,,,,,,,,,,,,,,,,
SY13 2HJ,Full Vehicle,McDowells,476.0,,,,,,,,,,,,,,,,,,,,,,,,,
CV35 7HZ,Full Vehicle,McDowells,476.0,,,,,,,,,,,,,,,,,,,,,,,,,
IP23 7HE,Full Vehicle,McDowells,649.0,,,,,,,,,,,,,,,,,,,,,,,,,
BD13 5HP,Full Vehicle,McDowells,233.0,,,,,,,,,,,,,,,,,,,,,,,,,
OX26 2FL,Full Vehicle,McDowells,566.0,,,,,,,,,,,,,,,,,,,,,,,,,
SE28 0FN,Full Vehicle,McDowells,716.0,,,,,,,,,,,,,,,,,,,,,,,,,
PR4 0TT,Full Vehicle,McDowells,357.0,,,,,,,,,,,,,,,,,,,,,,,,,
PR1 5AJ,Full Vehicle,McDowells,357.0,,,,,,,,,,,,,,,,,,,,,,,,,
HX3 9NR,Full Vehicle,McDowells,258.0,,,,,,,,,,,,,,,,,,,,,,,,,
PE12 6TL,Full Vehicle,McDowells,519.0,,,,,,,,,,,,,,,,,,,,,,,,,
NN17 5QW,Full Vehicle,McDowells,511.0,,,,,,,,,,,,,,,,,,,,,,,,,
BD23 - FULL DAY (8 HOURS),Full Vehicle,McDowells,519.0,,,,,,,,,,,,,,,,,,,,,,,,,
BD23 - HALF DAY (4 HOURS),Full Vehicle,McDowells,363.0,,,,,,,,,,,,,,,,,,,,,,,,,
